Date,Anchor_Asset,External_Flow,Equity_Value,Calculated_Asset,Prev_Asset,Daily_Return,Cumulative_TWR,Drawdown,CAGR,Sharpe_Ratio,Sortino_Ratio,Calmar_Ratio,Info_Ratio,Beta_SPY,Alpha_SPY
2025-01-01,15892620.0,0.0,0.0,15892620.0,15892620.0,0.0,0.0,0.0,0.21656712322478833,0.7306062091734804,2.487524237688605,0.6567866658695157,0.060048893996217274,0.024548578644004598,0.17575916344757725
2025-01-02,,0.0,0.0,15722246.0,15892620.0,-0.010720321759407847,-0.010720321759407847,-0.010720321759407847,0.21656712322478833,0.7306062091734804,2.487524237688605,0.6567866658695157,0.060048893996217274,0.024548578644004598,0.17575916344757725
2025-01-03,,0.0,0.0,15551872.0,15722246.0,-0.010836492445163382,-0.021440643518815694,-0.021440643518815694,0.21656712322478833,0.7306062091734804,2.487524237688605,0.6567866658695157,0.060048893996217274,0.024548578644004598,0.17575916344757725
2025-01-04,,0.0,0.0,15381498.0,15551872.0,-0.010955208479082157,-0.03216096527822354,-0.03216096527822354,0.21656712322478833,0.7306062091734804,2.487524237688605,0.6567866658695157,0.060048893996217274,0.024548578644004598,0.17575916344757725
2025-01-05,,0.0,0.0,15211124.0,15381498.0,-0.01107655444222666,-0.04288128703763139,-0.04288128703763139,0.21656712322478833,0.7306062091734804,2.487524237688605,0.6567866658695157,0.060048893996217274,0.024548578644004598,0.17575916344757725
2025-01-06,,0.0,210665.0,15251268.0,15211124.0,0.0026391212115555174,-0.04035533474027564,-0.04035533474027564,0.21656712322478833,0.7306062091734804,2.487524237688605,0.6567866658695157,0.060048893996217274,0.024548578644004598,0.17575916344757725
2025-01-07,,0.0,210431.0,15080659.0,15251268.0,-0.011186545276104298,-0.05109044323717549,-0.05109044323717549,0.21656712322478833,0.7306062091734804,2.487524237688605,0.6567866658695157,0.060048893996217274,0.024548578644004598,0.17575916344757725
2025-01-08,,0.0,447772.0,15147455.0,15080659.0,0.004429249411448177,-0.046887486141366175,-0.046887486141366175,0.21656712322478833,0.7306062091734804,2.487524237688605,0.6567866658695157,0.060048893996217274,0.024548578644004598,0.17575916344757725
2025-01-09,,0.0,606927.0,15136126.0,15147455.0,-0.0007479144186267606,-0.04760033273305464,-0.04760033273305464,0.21656712322478833,0.7306062091734804,2.487524237688605,0.6567866658695157,0.060048893996217274,0.024548578644004598,0.17575916344757725
2025-01-10,,0.0,957304.0,15315873.0,15136126.0,0.011875363616819845,-0.03629024037572148,-0.03629024037572148,0.21656712322478833,0.7306062091734804,2.487524237688605,0.6567866658695157,0.060048893996217274,0.024548578644004598,0.17575916344757725
2025-01-11,,0.0,957304.0,15145499.0,15315873.0,-0.011124014935354976,-0.04701056213512933,-0.04701056213512933,0.21656712322478833,0.7306062091734804,2.487524237688605,0.6567866658695157,0.060048893996217274,0.024548578644004598,0.17575916344757725
2025-01-12,,0.0,957304.0,14975125.0,15145499.0,-0.011249150655254114,-0.05773088389453718,-0.05773088389453718,0.21656712322478833,0.7306062091734804,2.487524237688605,0.6567866658695157,0.060048893996217274,0.024548578644004598,0.17575916344757725
2025-01-13,,0.0,987284.0,14834731.0,14975125.0,-0.009375147118972249,-0.06656479548368988,-0.06656479548368988,0.21656712322478833,0.7306062091734804,2.487524237688605,0.6567866658695157,0.060048893996217274,0.024548578644004598,0.17575916344757725
2025-01-14,,0.0,1345313.0,15022137.0,14834731.0,0.012632922026021287,-0.05477278132869212,-0.05477278132869212,0.21656712322478833,0.7306062091734804,2.487524237688605,0.6567866658695157,0.060048893996217274,0.024548578644004598,0.17575916344757725
2025-01-15,,0.0,1617278.0,15123567.0,15022137.0,0.006752035346236029,-0.04839057373799904,-0.04839057373799904,0.21656712322478833,0.7306062091734804,2.487524237688605,0.6567866658695157,0.060048893996217274,0.024548578644004598,0.17575916344757725
2025-01-16,,0.0,1593742.0,14929658.0,15123567.0,-0.012821644523411724,-0.06059177152665818,-0.06059177152665818,0.21656712322478833,0.7306062091734804,2.487524237688605,0.6567866658695157,0.060048893996217274,0.024548578644004598,0.17575916344757725
2025-01-17,,0.0,2034498.0,15199766.0,14929658.0,0.018092042028022393,-0.04359595837564845,-0.04359595837564845,0.21656712322478833,0.7306062091734804,2.487524237688605,0.6567866658695157,0.060048893996217274,0.024548578644004598,0.17575916344757725
2025-01-18,,0.0,2034498.0,15029392.0,15199766.0,-0.011208988348899607,-0.054316280135056294,-0.054316280135056294,0.21656712322478833,0.7306062091734804,2.487524237688605,0.6567866658695157,0.060048893996217274,0.024548578644004598,0.17575916344757725
2025-01-19,,0.0,2034498.0,14859018.0,15029392.0,-0.011336054046630739,-0.06503660189446414,-0.06503660189446414,0.21656712322478833,0.7306062091734804,2.487524237688605,0.6567866658695157,0.060048893996217274,0.024548578644004598,0.17575916344757725
2025-01-20,,0.0,2040181.0,14694328.0,14859018.0,-0.011083504979938819,-0.07539927337342733,-0.07539927337342733,0.21656712322478833,0.7306062091734804,2.487524237688605,0.6567866658695157,0.060048893996217274,0.024548578644004598,0.17575916344757725
2025-01-21,,0.0,2026284.0,14510057.0,14694328.0,-0.012540280848501562,-0.08699402615805318,-0.08699402615805318,0.21656712322478833,0.7306062091734804,2.487524237688605,0.6567866658695157,0.060048893996217274,0.024548578644004598,0.17575916344757725
2025-01-22,,0.0,2260787.0,14573981.0,14510057.0,0.004405496132785736,-0.08297178187108223,-0.08297178187108223,0.21656712322478833,0.7306062091734804,2.487524237688605,0.6567866658695157,0.060048893996217274,0.024548578644004598,0.17575916344757725
2025-01-23,,0.0,3444136.0,15586183.0,14573981.0,0.06945267734327354,-0.019281716922697423,-0.019281716922697423,0.21656712322478833,0.7306062091734804,2.487524237688605,0.6567866658695157,0.060048893996217274,0.024548578644004598,0.17575916344757725
2025-01-24,,0.0,3485583.0,15457199.0,15586183.0,-0.008275534811826635,-0.027397685214898493,-0.027397685214898493,0.21656712322478833,0.7306062091734804,2.487524237688605,0.6567866658695157,0.060048893996217274,0.024548578644004598,0.17575916344757725
2025-01-25,,0.0,3485583.0,15286825.0,15457199.0,-0.01102230746980748,-0.03811800697430634,-0.03811800697430634,0.21656712322478833,0.7306062091734804,2.487524237688605,0.6567866658695157,0.060048893996217274,0.024548578644004598,0.17575916344757725
2025-01-26,,0.0,3485583.0,15116451.0,15286825.0,-0.011145152770441258,-0.04883832873371419,-0.04883832873371419,0.21656712322478833,0.7306062091734804,2.487524237688605,0.6567866658695157,0.060048893996217274,0.024548578644004598,0.17575916344757725
2025-01-27,,0.0,3268020.0,14728515.0,15116451.0,-0.025663166572630014,-0.07324814914092204,-0.07324814914092204,0.21656712322478833,0.7306062091734804,2.487524237688605,0.6567866658695157,0.060048893996217274,0.024548578644004598,0.17575916344757725
2025-01-28,,0.0,3201060.0,14491180.0,14728515.0,-0.016113980262096983,-0.08818181017352711,-0.08818181017352711,0.21656712322478833,0.7306062091734804,2.487524237688605,0.6567866658695157,0.060048893996217274,0.024548578644004598,0.17575916344757725
2025-01-29,,0.0,3297150.0,14416897.0,14491180.0,-0.005126083590156205,-0.09285586643360255,-0.09285586643360255,0.21656712322478833,0.7306062091734804,2.487524237688605,0.6567866658695157,0.060048893996217274,0.024548578644004598,0.17575916344757725
2025-01-30,,0.0,3345544.0,14294917.0,14416897.0,-0.00846090528357113,-0.100531127026255,-0.100531127026255,0.21656712322478833,0.7306062091734804,2.487524237688605,0.6567866658695157,0.060048893996217274,0.024548578644004598,0.17575916344757725
2025-01-31,15151059.0,-300000.0,4673010.0,15151059.0,14294917.0,0.08261156532761138,-0.02622459546643152,-0.02622459546643152,0.21656712322478833,0.7306062091734804,2.487524237688605,0.6567866658695157,0.060048893996217274,0.024548578644004598,0.17575916344757725
2025-02-01,,0.0,4673010.0,14929354.0,15151059.0,-0.014632970540211065,-0.04047382227375329,-0.04047382227375329,0.21656712322478833,0.7306062091734804,2.487524237688605,0.6567866658695157,0.060048893996217274,0.024548578644004598,0.17575916344757725
2025-02-02,,0.0,4673010.0,14707649.0,14929354.0,-0.014850274164575405,-0.05472304908107517,-0.05472304908107517,0.21656712322478833,0.7306062091734804,2.487524237688605,0.6567866658695157,0.060048893996217274,0.024548578644004598,0.17575916344757725
2025-02-03,,800000.0,4665018.0,15277898.0,14707649.0,-0.014815334032902139,-0.06872764286254229,-0.06872764286254229,0.21656712322478833,0.7306062091734804,2.487524237688605,0.6567866658695157,0.060048893996217274,0.024548578644004598,0.17575916344757725
2025-02-04,,0.0,4787090.0,15178264.0,15277898.0,-0.0065214468639599454,-0.07480088605548896,-0.07480088605548896,0.21656712322478833,0.7306062091734804,2.487524237688605,0.6567866658695157,0.060048893996217274,0.024548578644004598,0.17575916344757725
2025-02-05,,0.0,5448336.0,15617384.0,15178264.0,0.028930844792263377,-0.04803409408802073,-0.04803409408802073,0.21656712322478833,0.7306062091734804,2.487524237688605,0.6567866658695157,0.060048893996217274,0.024548578644004598,0.17575916344757725
2025-02-06,,0.0,5482067.0,15429358.0,15617384.0,-0.0120395323570196,-0.05949531841502753,-0.05949531841502753,0.21656712322478833,0.7306062091734804,2.487524237688605,0.6567866658695157,0.060048893996217274,0.024548578644004598,0.17575916344757725
2025-02-07,,-3000000.0,5870029.0,12595308.0,15429358.0,0.013351453872356034,-0.04693821354211092,-0.04693821354211092,0.21656712322478833,0.7306062091734804,2.487524237688605,0.6567866658695157,0.060048893996217274,0.024548578644004598,0.17575916344757725
2025-02-08,,0.0,5870029.0,12373603.0,12595308.0,-0.01760218964077731,-0.06371418784672067,-0.06371418784672067,0.21656712322478833,0.7306062091734804,2.487524237688605,0.6567866658695157,0.060048893996217274,0.024548578644004598,0.17575916344757725
2025-02-09,,0.0,5870029.0,12151898.0,12373603.0,-0.017917578251055888,-0.08049016215133042,-0.08049016215133042,0.21656712322478833,0.7306062091734804,2.487524237688605,0.6567866658695157,0.060048893996217274,0.024548578644004598,0.17575916344757725
2025-02-10,,0.0,6339916.0,12399864.0,12151898.0,0.020405536649501066,-0.06172707045553261,-0.06172707045553261,0.21656712322478833,0.7306062091734804,2.487524237688605,0.6567866658695157,0.060048893996217274,0.024548578644004598,0.17575916344757725
2025-02-11,,0.0,8395205.0,14231945.0,12399864.0,0.14775008822677416,0.07690283766545636,0.0,0.21656712322478833,0.7306062091734804,2.487524237688605,0.6567866658695157,0.060048893996217274,0.024548578644004598,0.17575916344757725
2025-02-12,,0.0,8633331.0,14247995.0,14231945.0,0.0011277446617450337,0.07811730909185166,0.0,0.21656712322478833,0.7306062091734804,2.487524237688605,0.6567866658695157,0.060048893996217274,0.024548578644004598,0.17575916344757725
2025-02-13,,0.0,9100117.0,14492850.0,14247995.0,0.017185225008852223,0.09664499763453338,0.0,0.21656712322478833,0.7306062091734804,2.487524237688605,0.6567866658695157,0.060048893996217274,0.024548578644004598,0.17575916344757725
2025-02-14,,0.0,8794303.0,13965332.0,14492850.0,-0.03639849994997535,0.056728764742992155,-0.0363984999499753,0.21656712322478833,0.7306062091734804,2.487524237688605,0.6567866658695157,0.060048893996217274,0.024548578644004598,0.17575916344757725
2025-02-15,,0.0,8794303.0,13743627.0,13965332.0,-0.01587538341372763,0.03995279043838229,-0.0516960432213126,0.21656712322478833,0.7306062091734804,2.487524237688605,0.6567866658695157,0.060048893996217274,0.024548578644004598,0.17575916344757725
2025-02-16,,0.0,8794303.0,13521922.0,13743627.0,-0.016131476792843658,0.023176816133772427,-0.0669935864926499,0.21656712322478833,0.7306062091734804,2.487524237688605,0.6567866658695157,0.060048893996217274,0.024548578644004598,0.17575916344757725
2025-02-17,,0.0,8756773.0,13262686.0,13521922.0,-0.019171534934161016,0.0035609460594401288,-0.08488075154300237,0.21656712322478833,0.7306062091734804,2.487524237688605,0.6567866658695157,0.060048893996217274,0.024548578644004598,0.17575916344757725
2025-02-18,,0.0,8926775.0,13210984.0,13262686.0,-0.003898305365896526,-0.00035124096158756224,-0.08844816581969747,0.21656712322478833,0.7306062091734804,2.487524237688605,0.6567866658695157,0.060048893996217274,0.024548578644004598,0.17575916344757725
2025-02-19,,0.0,9434612.0,13496593.0,13210984.0,0.02161905577964518,0.021260221320116957,-0.06874127587051564,0.21656712322478833,0.7306062091734804,2.487524237688605,0.6567866658695157,0.060048893996217274,0.024548578644004598,0.17575916344757725
2025-02-20,,0.0,9344380.0,13184557.0,13496593.0,-0.02311961248294292,-0.002350919241048688,-0.09027161669374918,0.21656712322478833,0.7306062091734804,2.487524237688605,0.6567866658695157,0.060048893996217274,0.024548578644004598,0.17575916344757725
2025-02-21,,0.0,9444900.0,13063056.0,13184557.0,-0.009215402534950567,-0.011544657108865874,-0.09865512994338611,0.21656712322478833,0.7306062091734804,2.487524237688605,0.6567866658695157,0.060048893996217274,0.024548578644004598,0.17575916344757725
2025-02-22,,0.0,9444900.0,12841351.0,13063056.0,-0.016971909176535682,-0.028320631413475628,-0.11395267321472331,0.21656712322478833,0.7306062091734804,2.487524237688605,0.6567866658695157,0.060048893996217274,0.024548578644004598,0.17575916344757725
2025-02-23,,0.0,9444900.0,12619646.0,12841351.0,-0.017264927965912613,-0.04509660571808538,-0.12925021648606053,0.21656712322478833,0.7306062091734804,2.487524237688605,0.6567866658695157,0.060048893996217274,0.024548578644004598,0.17575916344757725
2025-02-24,,0.0,9611586.0,12564627.0,12619646.0,-0.004359789490133048,-0.04925978350056803,-0.1330465022407602,0.21656712322478833,0.7306062091734804,2.487524237688605,0.6567866658695157,0.060048893996217274,0.024548578644004598,0.17575916344757725
2025-02-25,,0.0,9513556.0,12244893.0,12564627.0,-0.025447154141543527,-0.07345341633839353,-0.15510800153178989,0.21656712322478833,0.7306062091734804,2.487524237688605,0.6567866658695157,0.060048893996217274,0.024548578644004598,0.17575916344757725
2025-02-26,,0.0,9511557.0,12021189.0,12244893.0,-0.018269167399012742,-0.09038065097829073,-0.17054347488589197,0.21656712322478833,0.7306062091734804,2.487524237688605,0.6567866658695157,0.060048893996217274,0.024548578644004598,0.17575916344757725
2025-02-27,,0.0,9510220.0,11798147.0,12021189.0,-0.018554071481614698,-0.10725779340109931,-0.18593327054375083,0.21656712322478833,0.7306062091734804,2.487524237688605,0.6567866658695157,0.060048893996217274,0.024548578644004598,0.17575916344757725
2025-02-28,11959067.0,0.0,9893255.0,11959067.0,11798147.0,0.01363942998845502,-0.09508129857645475,-0.17482986438140177,0.21656712322478833,0.7306062091734804,2.487524237688605,0.6567866658695157,0.060048893996217274,0.024548578644004598,0.17575916344757725
2025-03-01,,0.0,9893255.0,11923328.0,11959067.0,-0.0029884438309443206,-0.09778559728723013,-0.17729583898267068,0.21656712322478833,0.7306062091734804,2.487524237688605,0.6567866658695157,0.060048893996217274,0.024548578644004598,0.17575916344757725
2025-03-02,,0.0,9893255.0,11887589.0,11923328.0,-0.002997401396657051,-0.10048989599800551,-0.1797618135839396,0.21656712322478833,0.7306062091734804,2.487524237688605,0.6567866658695157,0.060048893996217274,0.024548578644004598,0.17575916344757725
2025-03-03,,0.0,9468493.0,11427089.0,11887589.0,-0.0387378803220737,-0.13533501075533083,-0.21153610228491973,0.21656712322478833,0.7306062091734804,2.487524237688605,0.6567866658695157,0.060048893996217274,0.024548578644004598,0.17575916344757725
2025-03-04,,0.0,9570810.0,11493667.0,11427089.0,0.005826330747927155,-0.13029718654183853,-0.2069422508340319,0.21656712322478833,0.7306062091734804,2.487524237688605,0.6567866658695157,0.060048893996217274,0.024548578644004598,0.17575916344757725
2025-03-05,,32873.0,10519773.0,12439030.0,11493667.0,0.07916425917925074,-0.06144780760831303,-0.1441604216349439,0.21656712322478833,0.7306062091734804,2.487524237688605,0.6567866658695157,0.060048893996217274,0.024548578644004598,0.17575916344757725
2025-03-06,,0.0,10366022.0,12249540.0,12439030.0,-0.015233502933910459,-0.0757452451847399,-0.15719785636292471,0.21656712322478833,0.7306062091734804,2.487524237688605,0.6567866658695157,0.060048893996217274,0.024548578644004598,0.17575916344757725
2025-03-07,,0.0,10529522.0,12377301.0,12249540.0,0.0104298610396798,-0.0661053965267534,-0.14840754712084575,0.21656712322478833,0.7306062091734804,2.487524237688605,0.6567866658695157,0.060048893996217274,0.024548578644004598,0.17575916344757725
2025-03-08,,0.0,10529522.0,12341562.0,12377301.0,-0.0028874631068598333,-0.06880198273997784,-0.15086648891061452,0.21656712322478833,0.7306062091734804,2.487524237688605,0.6567866658695157,0.060048893996217274,0.024548578644004598,0.17575916344757725
2025-03-09,,0.0,10529522.0,12305823.0,12341562.0,-0.002895824693827209,-0.07149856895320239,-0.1533254307003834,0.21656712322478833,0.7306062091734804,2.487524237688605,0.6567866658695157,0.060048893996217274,0.024548578644004598,0.17575916344757725
2025-03-10,,0.0,10193985.0,11934547.0,12305823.0,-0.030170757372343204,-0.09951216034918875,-0.1788702437040553,0.21656712322478833,0.7306062091734804,2.487524237688605,0.6567866658695157,0.060048893996217274,0.024548578644004598,0.17575916344757725
2025-03-11,,0.0,10432270.0,12137093.0,11934547.0,0.01697140243362405,-0.08422961883589009,-0.16493452015973314,0.21656712322478833,0.7306062091734804,2.487524237688605,0.6567866658695157,0.060048893996217274,0.024548578644004598,0.17575916344757725
2025-03-12,,0.0,10357154.0,12026239.0,12137093.0,-0.009133488554466829,-0.0925937971307722,-0.1725615811620846,0.21656712322478833,0.7306062091734804,2.487524237688605,0.6567866658695157,0.060048893996217274,0.024548578644004598,0.17575916344757725
2025-03-13,,0.0,10299519.0,11932864.0,12026239.0,-0.007764272770564462,-0.0996391464035511,-0.17898603874678676,0.21656712322478833,0.7306062091734804,2.487524237688605,0.6567866658695157,0.060048893996217274,0.024548578644004598,0.17575916344757725
2025-03-14,,0.0,10537888.0,12135495.0,11932864.0,0.016980919249561577,-0.08435019145316347,-0.16504446696798328,0.21656712322478833,0.7306062091734804,2.487524237688605,0.6567866658695157,0.060048893996217274,0.024548578644004598,0.17575916344757725
2025-03-15,,0.0,10537888.0,12099756.0,12135495.0,-0.0029449972992449114,-0.08704677766638802,-0.16750340875775216,0.21656712322478833,0.7306062091734804,2.487524237688605,0.6567866658695157,0.060048893996217274,0.024548578644004598,0.17575916344757725
2025-03-16,,0.0,10537888.0,12064017.0,12099756.0,-0.0029536959257691064,-0.08974336387961257,-0.16996235054752104,0.21656712322478833,0.7306062091734804,2.487524237688605,0.6567866658695157,0.060048893996217274,0.024548578644004598,0.17575916344757725
2025-03-17,,0.0,10634314.0,12124704.0,12064017.0,0.0050304139989192365,-0.08516439615466342,-0.16578691753608527,0.21656712322478833,0.7306062091734804,2.487524237688605,0.6567866658695157,0.060048893996217274,0.024548578644004598,0.17575916344757725
2025-03-18,,0.0,10556420.0,12011072.0,12124704.0,-0.0093719401314869,-0.0937381806640546,-0.17360511260184022,0.21656712322478833,0.7306062091734804,2.487524237688605,0.6567866658695157,0.060048893996217274,0.024548578644004598,0.17575916344757725
2025-03-19,,0.0,10721014.0,12139927.0,12011072.0,0.01072801828179859,-0.08401578729812254,-0.1647395331418479,0.21656712322478833,0.7306062091734804,2.487524237688605,0.6567866658695157,0.060048893996217274,0.024548578644004598,0.17575916344757725
2025-03-20,,0.0,10703956.0,12087130.0,12139927.0,-0.0043490376836697875,-0.08799943715680958,-0.1683721123878936,0.21656712322478833,0.7306062091734804,2.487524237688605,0.6567866658695157,0.060048893996217274,0.024548578644004598,0.17575916344757725
2025-03-21,,0.0,10709181.0,12056616.0,12087130.0,-0.002524503335365802,-0.0903017856195627,-0.17047155976395356,0.21656712322478833,0.7306062091734804,2.487524237688605,0.6567866658695157,0.060048893996217274,0.024548578644004598,0.17575916344757725
2025-03-22,,0.0,10709181.0,12020877.0,12056616.0,-0.00296426459961896,-0.09299837183278725,-0.17293050155372244,0.21656712322478833,0.7306062091734804,2.487524237688605,0.6567866658695157,0.060048893996217274,0.024548578644004598,0.17575916344757725
2025-03-23,,0.0,10709181.0,11985138.0,12020877.0,-0.0029730775882658156,-0.0956949580460118,-0.17538944334349132,0.21656712322478833,0.7306062091734804,2.487524237688605,0.6567866658695157,0.060048893996217274,0.024548578644004598,0.17575916344757725
2025-03-24,,300000.0,11139010.0,12679228.0,11985138.0,0.03207859773329358,-0.06668612037698063,-0.1489370930098799,0.21656712322478833,0.7306062091734804,2.487524237688605,0.6567866658695157,0.060048893996217274,0.024548578644004598,0.17575916344757725
2025-03-25,,0.0,11076796.0,12581276.0,12679228.0,-0.00772539148282525,-0.07389633547342289,-0.15551188714288985,0.21656712322478833,0.7306062091734804,2.487524237688605,0.6567866658695157,0.060048893996217274,0.024548578644004598,0.17575916344757725
2025-03-26,,0.0,11069367.0,12538108.0,12581276.0,-0.003431130514901626,-0.07707391801674224,-0.15840943607638558,0.21656712322478833,0.7306062091734804,2.487524237688605,0.6567866658695157,0.060048893996217274,0.024548578644004598,0.17575916344757725
2025-03-27,,0.0,11120658.0,12553660.0,12538108.0,0.0012403785323911176,-0.0759291403176664,-0.15736554520783183,0.21656712322478833,0.7306062091734804,2.487524237688605,0.6567866658695157,0.060048893996217274,0.024548578644004598,0.17575916344757725
2025-03-28,,0.0,10851140.0,12248403.0,12553660.0,-0.024316175521720385,-0.09839900953620906,-0.17785519251120732,0.21656712322478833,0.7306062091734804,2.487524237688605,0.6567866658695157,0.060048893996217274,0.024548578644004598,0.17575916344757725
2025-03-29,,0.0,10851140.0,12212664.0,12248403.0,-0.0029178497800896874,-0.10102974578796242,-0.18025408755694033,0.21656712322478833,0.7306062091734804,2.487524237688605,0.6567866658695157,0.060048893996217274,0.024548578644004598,0.17575916344757725
2025-03-30,,0.0,10851140.0,12176926.0,12212664.0,-0.0029263066600374588,-0.10366040843003865,-0.1826529154800609,0.21656712322478833,0.7306062091734804,2.487524237688605,0.6567866658695157,0.060048893996217274,0.024548578644004598,0.17575916344757725
2025-03-31,12048504.0,0.0,10758458.0,12048504.0,12176926.0,-0.010546339856216558,-0.11311351038931783,-0.19127293561389597,0.21656712322478833,0.7306062091734804,2.487524237688605,0.6567866658695157,0.060048893996217274,0.024548578644004598,0.17575916344757725
2025-04-01,,0.0,10915773.0,12152176.0,12048504.0,0.008604553727168174,-0.10548224793956318,-0.18431420013777078,0.21656712322478833,0.7306062091734804,2.487524237688605,0.6567866658695157,0.060048893996217274,0.024548578644004598,0.17575916344757725
2025-04-02,,0.0,10930159.0,12112920.0,12152176.0,-0.003230367960437741,-0.10837186942586197,-0.18694916541142972,0.21656712322478833,0.7306062091734804,2.487524237688605,0.6567866658695157,0.060048893996217274,0.024548578644004598,0.17575916344757725
2025-04-03,,0.0,10024468.0,11153586.0,12112920.0,-0.07919923519679817,-0.17898813544728465,-0.251342169686963,0.21656712322478833,0.7306062091734804,2.487524237688605,0.6567866658695157,0.060048893996217274,0.024548578644004598,0.17575916344757725
2025-04-04,,0.0,9216106.0,10291581.0,11153586.0,-0.0772850095027734,-0.24244004520113094,-0.30920219721703174,0.21656712322478833,0.7306062091734804,2.487524237688605,0.6567866658695157,0.060048893996217274,0.024548578644004598,0.17575916344757725
2025-04-05,,0.0,9216106.0,10237938.0,10291581.0,-0.005212318690393625,-0.2463886891126228,-0.31280285551576026,0.21656712322478833,0.7306062091734804,2.487524237688605,0.6567866658695157,0.060048893996217274,0.024548578644004598,0.17575916344757725
2025-04-06,,0.0,9216106.0,10184295.0,10237938.0,-0.005239629308167348,-0.25033733302411476,-0.31640351381448883,0.21656712322478833,0.7306062091734804,2.487524237688605,0.6567866658695157,0.060048893996217274,0.024548578644004598,0.17575916344757725
2025-04-07,,0.0,9844951.0,10759112.0,10184295.0,0.056441511169894376,-0.2080252392323425,-0.2778202951037487,0.21656712322478833,0.7306062091734804,2.487524237688605,0.6567866658695157,0.060048893996217274,0.024548578644004598,0.17575916344757725
2025-04-08,,1400000.0,9797002.0,12057520.0,10759112.0,-0.008355215413757167,-0.21464235896081507,-0.2838542621056005,0.21656712322478833,0.7306062091734804,2.487524237688605,0.6567866658695157,0.060048893996217274,0.024548578644004598,0.17575916344757725
2025-04-09,,0.0,10739443.0,12946319.0,12057520.0,0.07371325114949001,-0.15675109392472264,-0.23106483146855378,0.21656712322478833,0.7306062091734804,2.487524237688605,0.6567866658695157,0.060048893996217274,0.024548578644004598,0.17575916344757725
2025-04-10,,0.0,10849170.0,13001790.0,12946319.0,0.004284692815000213,-0.1531380313956051,-0.22777018047674613,0.21656712322478833,0.7306062091734804,2.487524237688605,0.6567866658695157,0.060048893996217274,0.024548578644004598,0.17575916344757725
2025-04-11,,0.0,11703107.0,13801894.0,13001790.0,0.061537988230851326,-0.10102384953847232,-0.18024871093141173,0.21656712322478833,0.7306062091734804,2.487524237688605,0.6567866658695157,0.060048893996217274,0.024548578644004598,0.17575916344757725
2025-04-12,,0.0,11703107.0,13748251.0,13801894.0,-0.003886640485718851,-0.10451784664055175,-0.18343478947972588,0.21656712322478833,0.7306062091734804,2.487524237688605,0.6567866658695157,0.060048893996217274,0.024548578644004598,0.17575916344757725
2025-04-13,,0.0,11703107.0,13694608.0,13748251.0,-0.0039018054005560687,-0.10801184374263118,-0.18662086802804007,0.21656712322478833,0.7306062091734804,2.487524237688605,0.6567866658695157,0.060048893996217274,0.024548578644004598,0.17575916344757725
2025-04-14,,0.0,11249094.0,13186953.0,13694608.0,-0.037069699256817024,-0.1410775764357346,-0.21677258783201153,0.21656712322478833,0.7306062091734804,2.487524237688605,0.6567866658695157,0.060048893996217274,0.024548578644004598,0.17575916344757725
2025-04-15,,0.0,11105291.0,12989508.0,13186953.0,-0.014972753751378298,-0.15393801037529942,-0.22849965900573213,0.21656712322478833,0.7306062091734804,2.487524237688605,0.6567866658695157,0.060048893996217274,0.024548578644004598,0.17575916344757725
2025-04-16,,0.0,11113739.0,12944312.0,12989508.0,-0.003479423547065874,-0.15688181838427695,-0.23118403545875688,0.21656712322478833,0.7306062091734804,2.487524237688605,0.6567866658695157,0.060048893996217274,0.024548578644004598,0.17575916344757725
2025-04-17,,0.0,11367601.0,13144532.0,12944312.0,0.01546779774776752,-0.1438406368735794,-0.2192921456139781,0.21656712322478833,0.7306062091734804,2.487524237688605,0.6567866658695157,0.060048893996217274,0.024548578644004598,0.17575916344757725
2025-04-18,,0.0,11367601.0,13090889.0,13144532.0,-0.0040810125457491075,-0.14733463397565894,-0.22247822416229238,0.21656712322478833,0.7306062091734804,2.487524237688605,0.6567866658695157,0.060048893996217274,0.024548578644004598,0.17575916344757725
2025-04-19,,0.0,11367601.0,13037246.0,13090889.0,-0.004097735455552365,-0.15082863107773836,-0.22566430271060656,0.21656712322478833,0.7306062091734804,2.487524237688605,0.6567866658695157,0.060048893996217274,0.024548578644004598,0.17575916344757725
2025-04-20,,0.0,11367601.0,12983603.0,13037246.0,-0.004114595981390523,-0.1543226281798178,-0.2288503812589207,0.21656712322478833,0.7306062091734804,2.487524237688605,0.6567866658695157,0.060048893996217274,0.024548578644004598,0.17575916344757725
2025-04-21,,0.0,10969517.0,12531876.0,12983603.0,-0.034792114330667645,-0.18374553198704413,-0.25568030696021116,0.21656712322478833,0.7306062091734804,2.487524237688605,0.6567866658695157,0.060048893996217274,0.024548578644004598,0.17575916344757725
2025-04-22,,0.0,11281909.0,12790625.0,12531876.0,0.020647267815289583,-0.16689210738055393,-0.24031213891782452,0.21656712322478833,0.7306062091734804,2.487524237688605,0.6567866658695157,0.060048893996217274,0.024548578644004598,0.17575916344757725
2025-04-23,,0.0,11496671.0,12951745.0,12790625.0,0.01259672611776197,-0.15639767543068095,-0.23074255899678398,0.21656712322478833,0.7306062091734804,2.487524237688605,0.6567866658695157,0.060048893996217274,0.024548578644004598,0.17575916344757725
2025-04-24,,0.0,11889601.0,13291032.0,12951745.0,0.026196238421926976,-0.13429846780297128,-0.21059090766442232,0.21656712322478833,0.7306062091734804,2.487524237688605,0.6567866658695157,0.060048893996217274,0.024548578644004598,0.17575916344757725
2025-04-25,,0.0,11985327.0,13329126.0,13291032.0,0.0028661431256804537,-0.13181724330757372,-0.20832834822107504,0.21656712322478833,0.7306062091734804,2.487524237688605,0.6567866658695157,0.060048893996217274,0.024548578644004598,0.17575916344757725
2025-04-26,,0.0,11985327.0,13275483.0,13329126.0,-0.0040244949293749555,-0.13531124040965314,-0.21151442676938922,0.21656712322478833,0.7306062091734804,2.487524237688605,0.6567866658695157,0.060048893996217274,0.024548578644004598,0.17575916344757725
2025-04-27,,0.0,11985327.0,13221840.0,13275483.0,-0.0040407569351713635,-0.13880523751173257,-0.21470050531770338,0.21656712322478833,0.7306062091734804,2.487524237688605,0.6567866658695157,0.060048893996217274,0.024548578644004598,0.17575916344757725
2025-04-28,,0.0,12068606.0,13251476.0,13221840.0,0.002241442945913663,-0.1368749185862954,-0.21294030130491814,0.21656712322478833,0.7306062091734804,2.487524237688605,0.6567866658695157,0.060048893996217274,0.024548578644004598,0.17575916344757725
2025-04-29,,0.0,12226695.0,13355922.0,13251476.0,0.007881838974013178,-0.13007190568016058,-0.2067368234968682,0.21656712322478833,0.7306062091734804,2.487524237688605,0.6567866658695157,0.060048893996217274,0.024548578644004598,0.17575916344757725
2025-04-30,12982789.0,0.0,11907205.0,12982789.0,13355922.0,-0.027937644439672504,-0.1543756474673501,-0.22889872806909783,0.21656712322478833,0.7306062091734804,2.487524237688605,0.6567866658695157,0.060048893996217274,0.024548578644004598,0.17575916344757725
2025-05-01,,0.0,11995698.0,12911119.0,12982789.0,-0.005520385488819057,-0.1590438198720634,-0.23315550434107513,0.21656712322478833,0.7306062091734804,2.487524237688605,0.6567866658695157,0.060048893996217274,0.024548578644004598,0.17575916344757725
2025-05-02,,0.0,12500502.0,13255761.0,12911119.0,0.026693426030695022,-0.13659581828276246,-0.21268579751915798,0.21656712322478833,0.7306062091734804,2.487524237688605,0.6567866658695157,0.060048893996217274,0.024548578644004598,0.17575916344757725
2025-05-03,,0.0,12500502.0,13095598.0,13255761.0,-0.012082520196313173,-0.14702791674594218,-0.2221985372714769,0.21656712322478833,0.7306062091734804,2.487524237688605,0.6567866658695157,0.060048893996217274,0.024548578644004598,0.17575916344757725
2025-05-04,,0.0,12500502.0,12935435.0,13095598.0,-0.012230292957984834,-0.1574600152091219,-0.23171127702379582,0.21656712322478833,0.7306062091734804,2.487524237688605,0.6567866658695157,0.060048893996217274,0.024548578644004598,0.17575916344757725
2025-05-05,,0.0,12148785.0,12423555.0,12935435.0,-0.03957192007845112,-0.1908009401501659,-0.2621139369665854,0.21656712322478833,0.7306062091734804,2.487524237688605,0.6567866658695157,0.060048893996217274,0.024548578644004598,0.17575916344757725
2025-05-06,,0.0,12188809.0,12303417.0,12423555.0,-0.00967017894636435,-0.19862603986214356,-0.26924942723814677,0.21656712322478833,0.7306062091734804,2.487524237688605,0.6567866658695157,0.060048893996217274,0.024548578644004598,0.17575916344757725
2025-05-07,,0.0,12085095.0,12039437.0,12303417.0,-0.021455828084181783,-0.21582018178200135,-0.28492828589974245,0.21656712322478833,0.7306062091734804,2.487524237688605,0.6567866658695157,0.060048893996217274,0.024548578644004598,0.17575916344757725
2025-05-08,,0.0,12539869.0,12334049.0,12039437.0,0.02447057947975484,-0.19663084721387813,-0.2674300666861276,0.21656712322478833,0.7306062091734804,2.487524237688605,0.6567866658695157,0.060048893996217274,0.024548578644004598,0.17575916344757725
2025-05-09,,0.0,12622014.0,12256031.0,12334049.0,-0.00632541673865572,-0.2017124919002311,-0.2720638768045471,0.21656712322478833,0.7306062091734804,2.487524237688605,0.6567866658695157,0.060048893996217274,0.024548578644004598,0.17575916344757725
2025-05-10,,0.0,12622014.0,12095868.0,12256031.0,-0.01306809684146526,-0.21214459036341082,-0.281576616556866,0.21656712322478833,0.7306062091734804,2.487524237688605,0.6567866658695157,0.060048893996217274,0.024548578644004598,0.17575916344757725
2025-05-11,,0.0,12622014.0,11935705.0,12095868.0,-0.013241133253107606,-0.22257668882659054,-0.2910893563091849,0.21656712322478833,0.7306062091734804,2.487524237688605,0.6567866658695157,0.060048893996217274,0.024548578644004598,0.17575916344757725
2025-05-12,,0.0,12220296.0,11374254.0,11935705.0,-0.04703961768492104,-0.2591463841635331,-0.3244362419611721,0.21656712322478833,0.7306062091734804,2.487524237688605,0.6567866658695157,0.060048893996217274,0.024548578644004598,0.17575916344757725
2025-05-13,,0.0,12585236.0,11579031.0,11374254.0,0.01800355434299261,-0.2458083858306187,-0.31227369313116377,0.21656712322478833,0.7306062091734804,2.487524237688605,0.6567866658695157,0.060048893996217274,0.024548578644004598,0.17575916344757725
2025-05-14,,0.0,12573421.0,11407053.0,11579031.0,-0.014852538178712904,-0.25701004557413454,-0.32248817436043836,0.21656712322478833,0.7306062091734804,2.487524237688605,0.6567866658695157,0.060048893996217274,0.024548578644004598,0.17575916344757725
2025-05-15,,8996194.0,12891374.0,20560650.0,11407053.0,0.007714605425303223,-0.251278171240775,-0.31726143795465234,0.21656712322478833,0.7306062091734804,2.487524237688605,0.6567866658695157,0.060048893996217274,0.024548578644004598,0.17575916344757725
2025-05-16,,0.0,13002303.0,20505263.0,20560650.0,-0.002693835068443895,-0.253295104359596,-0.31910062303566905,0.21656712322478833,0.7306062091734804,2.487524237688605,0.6567866658695157,0.060048893996217274,0.024548578644004598,0.17575916344757725
2025-05-17,,0.0,13002303.0,20345100.0,20505263.0,-0.0078108239821161884,-0.25912748486602766,-0.32441900821867004,0.21656712322478833,0.7306062091734804,2.487524237688605,0.6567866658695157,0.060048893996217274,0.024548578644004598,0.17575916344757725
2025-05-18,,0.0,13002303.0,20184937.0,20345100.0,-0.007872313235127826,-0.2649598653724593,-0.32973739340167096,0.21656712322478833,0.7306062091734804,2.487524237688605,0.6567866658695157,0.060048893996217274,0.024548578644004598,0.17575916344757725
2025-05-19,,0.0,16827123.0,23846683.0,20184937.0,0.18140983050876014,-0.13161635913254088,-0.20814516754230833,0.21656712322478833,0.7306062091734804,2.487524237688605,0.6567866658695157,0.060048893996217274,0.024548578644004598,0.17575916344757725
2025-05-20,,0.0,16841970.0,23697213.0,23846683.0,-0.006267957686190595,-0.13705935104887823,-0.21310848012575867,0.21656712322478833,0.7306062091734804,2.487524237688605,0.6567866658695157,0.060048893996217274,0.024548578644004598,0.17575916344757725
2025-05-21,,0.0,16591460.0,23286540.0,23697213.0,-0.017330012605279776,-0.1520141233728095,-0.22674532008416703,0.21656712322478833,0.7306062091734804,2.487524237688605,0.6567866658695157,0.060048893996217274,0.024548578644004598,0.17575916344757725
2025-05-22,,0.0,16227173.0,22761969.0,23286540.0,-0.02252679015431236,-0.17111652326941085,-0.244164265994471,0.21656712322478833,0.7306062091734804,2.487524237688605,0.6567866658695157,0.060048893996217274,0.024548578644004598,0.17575916344757725
2025-05-23,,0.0,16479217.0,22853771.0,22761969.0,0.004033130877210134,-0.16777352772579945,-0.24111588155755453,0.21656712322478833,0.7306062091734804,2.487524237688605,0.6567866658695157,0.060048893996217274,0.024548578644004598,0.17575916344757725
2025-05-24,,0.0,16479217.0,22693608.0,22853771.0,-0.007008165085753193,-0.1736059082322311,-0.24643426674055552,0.21656712322478833,0.7306062091734804,2.487524237688605,0.6567866658695157,0.060048893996217274,0.024548578644004598,0.17575916344757725
2025-05-25,,0.0,16479217.0,22533445.0,22693608.0,-0.007057626094537306,-0.17943828873866274,-0.2517526519235565,0.21656712322478833,0.7306062091734804,2.487524237688605,0.6567866658695157,0.060048893996217274,0.024548578644004598,0.17575916344757725
2025-05-26,,0.0,16621344.0,22515165.0,22533445.0,-0.0008112385833590752,-0.1801039600588651,-0.2523596590422122,0.21656712322478833,0.7306062091734804,2.487524237688605,0.6567866658695157,0.060048893996217274,0.024548578644004598,0.17575916344757725
2025-05-27,,0.0,17343744.0,23077403.0,22515165.0,0.02497152474787545,-0.15962990580678993,-0.23368993976547475,0.21656712322478833,0.7306062091734804,2.487524237688605,0.6567866658695157,0.060048893996217274,0.024548578644004598,0.17575916344757725
2025-05-28,,0.0,17170215.0,22743710.0,23077403.0,-0.014459729285829948,-0.17178142986873113,-0.244770575785474,0.21656712322478833,0.7306062091734804,2.487524237688605,0.6567866658695157,0.060048893996217274,0.024548578644004598,0.17575916344757725
2025-05-29,,0.0,17169957.0,22583290.0,22743710.0,-0.007053378714378611,-0.17762316910214815,-0.2500974949307012,0.21656712322478833,0.7306062091734804,2.487524237688605,0.6567866658695157,0.060048893996217274,0.024548578644004598,0.17575916344757725
2025-05-30,,0.0,16799933.0,22053103.0,22583290.0,-0.023476960177192918,-0.19693007721178313,-0.26770292617899033,0.21656712322478833,0.7306062091734804,2.487524237688605,0.6567866658695157,0.060048893996217274,0.024548578644004598,0.17575916344757725
2025-05-31,21892940.0,0.0,16799933.0,21892940.0,22053103.0,-0.0072626060831439965,-0.20276245771821477,-0.2730213113619913,0.21656712322478833,0.7306062091734804,2.487524237688605,0.6567866658695157,0.060048893996217274,0.024548578644004598,0.17575916344757725
2025-06-01,,0.0,16799933.0,21870464.0,21892940.0,-0.0010266323298744329,-0.20358092755371093,-0.27376765118687685,0.21656712322478833,0.7306062091734804,2.487524237688605,0.6567866658695157,0.060048893996217274,0.024548578644004598,0.17575916344757725
2025-06-02,,0.0,17004181.0,22052235.0,21870464.0,0.008311254850377203,-0.1969616856749088,-0.26773174905530295,0.21656712322478833,0.7306062091734804,2.487524237688605,0.6567866658695157,0.060048893996217274,0.024548578644004598,0.17575916344757725
2025-06-03,,0.0,17606913.0,22632491.0,22052235.0,0.026312797773105467,-0.17583150090601718,-0.2484637226525295,0.21656712322478833,0.7306062091734804,2.487524237688605,0.6567866658695157,0.060048893996217274,0.024548578644004598,0.17575916344757725
2025-06-04,,0.0,19616343.0,22600195.0,22632491.0,-0.001426975051044943,-0.17700756879208146,-0.24953614617025954,0.21656712322478833,0.7306062091734804,2.487524237688605,0.6567866658695157,0.060048893996217274,0.024548578644004598,0.17575916344757725
2025-06-05,,0.0,19375444.0,22336819.0,22600195.0,-0.011653704757857208,-0.18659847960332965,-0.258281830354235,0.21656712322478833,0.7306062091734804,2.487524237688605,0.6567866658695157,0.060048893996217274,0.024548578644004598,0.17575916344757725
2025-06-06,,0.0,19630167.0,22569065.0,22336819.0,0.01039745184844798,-0.17814117646155092,-0.25056985140022425,0.21656712322478833,0.7306062091734804,2.487524237688605,0.6567866658695157,0.060048893996217274,0.024548578644004598,0.17575916344757725
2025-06-07,,0.0,19630167.0,22546589.0,22569065.0,-0.0009958764352887561,-0.17895964629704697,-0.2513161912251097,0.21656712322478833,0.7306062091734804,2.487524237688605,0.6567866658695157,0.060048893996217274,0.024548578644004598,0.17575916344757725
2025-06-08,,0.0,19630167.0,22524112.0,22546589.0,-0.000996913546434941,-0.17977815254782314,-0.2520625642560739,0.21656712322478833,0.7306062091734804,2.487524237688605,0.6567866658695157,0.060048893996217274,0.024548578644004598,0.17575916344757725
2025-06-09,,0.0,20032052.0,22898074.0,22524112.0,0.016602741098073137,-0.16616022157159138,-0.2396447526528607,0.21656712322478833,0.7306062091734804,2.487524237688605,0.6567866658695157,0.060048893996217274,0.024548578644004598,0.17575916344757725
2025-06-10,,0.0,20186715.0,23030260.0,22898074.0,0.005772799930684025,-0.1613466313564783,-0.23525537393367993,0.21656712322478833,0.7306062091734804,2.487524237688605,0.6567866658695157,0.060048893996217274,0.024548578644004598,0.17575916344757725
2025-06-11,,-150000.0,20473102.0,23144171.0,23030260.0,0.011534440605132978,-0.15167323388756493,-0.22643447246622334,0.21656712322478833,0.7306062091734804,2.487524237688605,0.6567866658695157,0.060048893996217274,0.024548578644004598,0.17575916344757725
2025-06-12,,0.0,20504886.0,23153478.0,23144171.0,0.00040213149133738746,-0.1513320949799667,-0.22612339740698897,0.21656712322478833,0.7306062091734804,2.487524237688605,0.6567866658695157,0.060048893996217274,0.024548578644004598,0.17575916344757725
2025-06-13,,0.0,20202731.0,22828847.0,23153478.0,-0.014020830909291515,-0.16323112417439523,-0.23697379039660255,0.21656712322478833,0.7306062091734804,2.487524237688605,0.6567866658695157,0.060048893996217274,0.024548578644004598,0.17575916344757725
2025-06-14,,0.0,20202731.0,22806370.0,22828847.0,-0.0009845876140831544,-0.16405499644538335,-0.23772505655179882,0.21656712322478833,0.7306062091734804,2.487524237688605,0.6567866658695157,0.060048893996217274,0.024548578644004598,0.17575916344757725
2025-06-15,,0.0,20202731.0,22783894.0,22806370.0,-0.000985514134866694,-0.16487883206235765,-0.23847628928322176,0.21656712322478833,0.7306062091734804,2.487524237688605,0.6567866658695157,0.060048893996217274,0.024548578644004598,0.17575916344757725
2025-06-16,,0.0,20422244.0,22980930.0,22783894.0,0.008648038829534688,-0.15765667177466658,-0.23189060266333175,0.21656712322478833,0.7306062091734804,2.487524237688605,0.6567866658695157,0.060048893996217274,0.024548578644004598,0.17575916344757725
2025-06-17,,0.0,20201690.0,22737900.0,22980930.0,-0.010575290033954188,-0.1665646967788158,-0.24001358231797282,0.21656712322478833,0.7306062091734804,2.487524237688605,0.6567866658695157,0.060048893996217274,0.024548578644004598,0.17575916344757725
2025-06-18,,0.0,21785145.0,24297928.0,22737900.0,0.06860915036129112,-0.10938340874370533,-0.18787155991468762,0.21656712322478833,0.7306062091734804,2.487524237688605,0.6567866658695157,0.060048893996217274,0.024548578644004598,0.17575916344757725
2025-06-19,,0.0,21639308.0,24129614.0,24297928.0,-0.006927092713419847,-0.11555279244344763,-0.19349724891436362,0.21656712322478833,0.7306062091734804,2.487524237688605,0.6567866658695157,0.060048893996217274,0.024548578644004598,0.17575916344757725
2025-06-20,,0.0,19047305.0,23691690.0,24129614.0,-0.01814881912325661,-0.1316044648374609,-0.2081343214662257,0.21656712322478833,0.7306062091734804,2.487524237688605,0.6567866658695157,0.060048893996217274,0.024548578644004598,0.17575916344757725
2025-06-21,,0.0,19047305.0,23669213.0,23691690.0,-0.0009487292801821923,-0.13242833710844915,-0.20888558762142206,0.21656712322478833,0.7306062091734804,2.487524237688605,0.6567866658695157,0.060048893996217274,0.024548578644004598,0.17575916344757725
2025-06-22,,0.0,19047305.0,23646737.0,23669213.0,-0.0009495879732038803,-0.13325217272542345,-0.20963682035284503,0.21656712322478833,0.7306062091734804,2.487524237688605,0.6567866658695157,0.060048893996217274,0.024548578644004598,0.17575916344757725
2025-06-23,,0.0,21781541.0,23215732.0,23646737.0,-0.018226827659139633,-0.14905023599709089,-0.22404263381640332,0.21656712322478833,0.7306062091734804,2.487524237688605,0.6567866658695157,0.060048893996217274,0.024548578644004598,0.17575916344757725
2025-06-24,,0.0,21757824.0,23169538.0,23215732.0,-0.001989771418794861,-0.15074343151633407,-0.22558661160583876,0.21656712322478833,0.7306062091734804,2.487524237688605,0.6567866658695157,0.060048893996217274,0.024548578644004598,0.17575916344757725
2025-06-25,,0.0,20093489.0,21483789.0,23169538.0,-0.07275712618870522,-0.21253289883608695,-0.28193070422745553,0.21656712322478833,0.7306062091734804,2.487524237688605,0.6567866658695157,0.060048893996217274,0.024548578644004598,0.17575916344757725
2025-06-26,,0.0,21276063.0,22643438.0,21483789.0,0.05397786209872013,-0.17002710824218237,-0.24317085880292008,0.21656712322478833,0.7306062091734804,2.487524237688605,0.6567866658695157,0.060048893996217274,0.024548578644004598,0.17575916344757725
2025-06-27,,0.0,21341248.0,22686147.0,22643438.0,0.0018861535072545177,-0.16846165196146723,-0.24174336286385883,0.21656712322478833,0.7306062091734804,2.487524237688605,0.6567866658695157,0.060048893996217274,0.024548578644004598,0.17575916344757725
2025-06-28,,0.0,21341248.0,22663671.0,22686147.0,-0.0009907367698887004,-0.16928548757844153,-0.24249459559528178,0.21656712322478833,0.7306062091734804,2.487524237688605,0.6567866658695157,0.060048893996217274,0.024548578644004598,0.17575916344757725
2025-06-29,,0.0,21341248.0,22641194.0,22663671.0,-0.0009917634261457087,-0.17010935984942965,-0.24324586175047805,0.21656712322478833,0.7306062091734804,2.487524237688605,0.6567866658695157,0.060048893996217274,0.024548578644004598,0.17575916344757725
2025-06-30,24214026.0,1400000.0,21536556.0,24214026.0,22641194.0,0.007188994024173612,-0.16414328099666964,-0.23780556077283363,0.21656712322478833,0.7306062091734804,2.487524237688605,0.6567866658695157,0.060048893996217274,0.024548578644004598,0.17575916344757725
2025-07-01,,0.0,21601026.0,24236700.0,24214026.0,0.0009363994240363382,-0.16336058524641806,-0.23709184233893765,0.21656712322478833,0.7306062091734804,2.487524237688605,0.6567866658695157,0.060048893996217274,0.024548578644004598,0.17575916344757725
2025-07-02,,0.0,22802761.0,25396172.0,24236700.0,0.047839516105740554,-0.12333616048961671,-0.2005946852433104,0.21656712322478833,0.7306062091734804,2.487524237688605,0.6567866658695157,0.060048893996217274,0.024548578644004598,0.17575916344757725
2025-07-03,,0.0,20738239.0,23291259.0,25396172.0,-0.08288308174948567,-0.19599676116657383,-0.26685186129726246,0.21656712322478833,0.7306062091734804,2.487524237688605,0.6567866658695157,0.060048893996217274,0.024548578644004598,0.17575916344757725
2025-07-04,,0.0,22051513.0,24561746.0,23291259.0,0.054547802675673385,-0.15214015114408574,-0.22686024129526824,0.21656712322478833,0.7306062091734804,2.487524237688605,0.6567866658695157,0.060048893996217274,0.024548578644004598,0.17575916344757725
2025-07-05,,0.0,22051513.0,24519950.0,24561746.0,-0.001701670557133883,-0.1535829292854598,-0.22817587045920565,0.21656712322478833,0.7306062091734804,2.487524237688605,0.6567866658695157,0.060048893996217274,0.024548578644004598,0.17575916344757725
2025-07-06,,0.0,22051513.0,24478154.0,24519950.0,-0.0017045711757160964,-0.15502570742683386,-0.22949149962314305,0.21656712322478833,0.7306062091734804,2.487524237688605,0.6567866658695157,0.060048893996217274,0.024548578644004598,0.17575916344757725
2025-07-07,,0.0,22126858.0,24511703.0,24478154.0,0.0013705690388254865,-0.1538676118228296,-0.22843546452837468,0.21656712322478833,0.7306062091734804,2.487524237688605,0.6567866658695157,0.060048893996217274,0.024548578644004598,0.17575916344757725
2025-07-08,,0.0,23464782.0,25807831.0,24511703.0,0.05287792529144131,-0.10912588661412836,-0.18763673266418046,0.21656712322478833,0.7306062091734804,2.487524237688605,0.6567866658695157,0.060048893996217274,0.024548578644004598,0.17575916344757725
2025-07-09,,0.0,24078817.0,26379593.0,25807831.0,0.022154593309294368,-0.08938893294228623,-0.16963915485694583,0.21656712322478833,0.7306062091734804,2.487524237688605,0.6567866658695157,0.060048893996217274,0.024548578644004598,0.17575916344757725
2025-07-10,,0.0,24534608.0,26793589.0,26379593.0,0.01569379785351499,-0.07509798693270886,-0.15660763960779686,0.21656712322478833,0.7306062091734804,2.487524237688605,0.6567866658695157,0.060048893996217274,0.024548578644004598,0.17575916344757725
2025-07-11,,0.0,24612526.0,26829609.0,26793589.0,0.0013443514416826563,-0.0738545935780267,-0.15547382387219952,0.21656712322478833,0.7306062091734804,2.487524237688605,0.6567866658695157,0.060048893996217274,0.024548578644004598,0.17575916344757725
2025-07-12,,0.0,24612526.0,26787813.0,26829609.0,-0.0015578311260517896,-0.07529737171940076,-0.15678945303613692,0.21656712322478833,0.7306062091734804,2.487524237688605,0.6567866658695157,0.060048893996217274,0.024548578644004598,0.17575916344757725
2025-07-13,,0.0,24612526.0,26746018.0,26787813.0,-0.0015602244199629522,-0.07674011534124803,-0.1581050507226802,0.21656712322478833,0.7306062091734804,2.487524237688605,0.6567866658695157,0.060048893996217274,0.024548578644004598,0.17575916344757725
2025-07-14,,0.0,24159780.0,26251476.0,26746018.0,-0.018490303865046354,-0.093811471154996,-0.17367194415726564,0.21656712322478833,0.7306062091734804,2.487524237688605,0.6567866658695157,0.060048893996217274,0.024548578644004598,0.17575916344757725
2025-07-15,,0.0,24312285.0,26361657.0,26251476.0,0.004197135429642174,-0.09000807517464526,-0.17020373339758071,0.21656712322478833,0.7306062091734804,2.487524237688605,0.6567866658695157,0.060048893996217274,0.024548578644004598,0.17575916344757725
2025-07-16,,0.0,24128033.0,26135151.0,26361657.0,-0.008592251996905942,-0.09782695510789419,-0.17733355202632042,0.21656712322478833,0.7306062091734804,2.487524237688605,0.6567866658695157,0.060048893996217274,0.024548578644004598,0.17575916344757725
2025-07-17,,0.0,24980123.0,26945446.0,26135151.0,0.031004029783489706,-0.06985595515419774,-0.1518275769714668,0.21656712322478833,0.7306062091734804,2.487524237688605,0.6567866658695157,0.060048893996217274,0.024548578644004598,0.17575916344757725
2025-07-18,,0.0,24892503.0,26815982.0,26945446.0,-0.004804670889470564,-0.07432499116948277,-0.15590276632164368,0.21656712322478833,0.7306062091734804,2.487524237688605,0.6567866658695157,0.060048893996217274,0.024548578644004598,0.17575916344757725
2025-07-19,,0.0,24892503.0,26774186.0,26815982.0,-0.0015586227645886241,-0.07576776931085683,-0.1572183954855811,0.21656712322478833,0.7306062091734804,2.487524237688605,0.6567866658695157,0.060048893996217274,0.024548578644004598,0.17575916344757725
2025-07-20,,0.0,24892503.0,26732390.0,26774186.0,-0.0015610558617916714,-0.07721054745223088,-0.1585340246495185,0.21656712322478833,0.7306062091734804,2.487524237688605,0.6567866658695157,0.060048893996217274,0.024548578644004598,0.17575916344757725
2025-07-21,,0.0,24884050.0,26682141.0,26732390.0,-0.001879704732723142,-0.0789451191534919,-0.16011573222581027,0.21656712322478833,0.7306062091734804,2.487524237688605,0.6567866658695157,0.060048893996217274,0.024548578644004598,0.17575916344757725
2025-07-22,,0.0,25254968.0,27011263.0,26682141.0,0.012334917201734408,-0.06758398345999683,-0.14975582932377626,0.21656712322478833,0.7306062091734804,2.487524237688605,0.6567866658695157,0.060048893996217274,0.024548578644004598,0.17575916344757725
2025-07-23,,0.0,25974301.0,27688800.0,27011263.0,0.025083499427627665,-0.04419572684280482,-0.12842873015527548,0.21656712322478833,0.7306062091734804,2.487524237688605,0.6567866658695157,0.060048893996217274,0.024548578644004598,0.17575916344757725
2025-07-24,,0.0,26081737.0,27754336.0,27688800.0,0.0023668775822716093,-0.04193345513562963,-0.12636582765532797,0.21656712322478833,0.7306062091734804,2.487524237688605,0.6567866658695157,0.060048893996217274,0.024548578644004598,0.17575916344757725
2025-07-25,,0.0,26272653.0,27903456.0,27754336.0,0.005372854173128161,-0.036785903301920664,-0.12167191864665859,0.21656712322478833,0.7306062091734804,2.487524237688605,0.6567866658695157,0.060048893996217274,0.024548578644004598,0.17575916344757725
2025-07-26,,0.0,26272653.0,27861660.0,27903456.0,-0.0014978789724111596,-0.03822868144329472,-0.122987547810596,0.21656712322478833,0.7306062091734804,2.487524237688605,0.6567866658695157,0.060048893996217274,0.024548578644004598,0.17575916344757725
2025-07-27,,-3264714.0,26272653.0,24555150.0,27861660.0,-0.001699235344095107,-0.0398629572607232,-0.12447779836656772,0.21656712322478833,0.7306062091734804,2.487524237688605,0.6567866658695157,0.060048893996217274,0.024548578644004598,0.17575916344757725
2025-07-28,,0.0,23381122.0,25155386.0,24555150.0,0.024444403719789953,-0.016392979761679083,-0.10307618020420074,0.21656712322478833,0.7306062091734804,2.487524237688605,0.6567866658695157,0.060048893996217274,0.024548578644004598,0.17575916344757725
2025-07-29,,0.0,23440713.0,25173180.0,25155386.0,0.0007073634250731597,-0.01569721213091735,-0.10244172909900033,0.21656712322478833,0.7306062091734804,2.487524237688605,0.6567866658695157,0.060048893996217274,0.024548578644004598,0.17575916344757725
2025-07-30,,0.0,22911239.0,24601910.0,25173180.0,-0.022693596915447367,-0.03803458284156935,-0.12281055470695348,0.21656712322478833,0.7306062091734804,2.487524237688605,0.6567866658695157,0.060048893996217274,0.024548578644004598,0.17575916344757725
2025-07-31,24177016.0,0.0,22528140.0,24177016.0,24601910.0,-0.01727077287901635,-0.05464846907878085,-0.13796029438848004,0.21656712322478833,0.7306062091734804,2.487524237688605,0.6567866658695157,0.060048893996217274,0.024548578644004598,0.17575916344757725
2025-08-01,,0.0,21741268.0,23310301.0,24177016.0,-0.035848716814349646,-0.08853810840078757,-0.1688633116776728,0.21656712322478833,0.7306062091734804,2.487524237688605,0.6567866658695157,0.060048893996217274,0.024548578644004598,0.17575916344757725
2025-08-02,,0.0,21741268.0,23230457.0,23310301.0,-0.0034252667951392146,-0.09166010855311713,-0.17171017657840523,0.21656712322478833,0.7306062091734804,2.487524237688605,0.6567866658695157,0.060048893996217274,0.024548578644004598,0.17575916344757725
2025-08-03,,0.0,21741268.0,23150614.0,23230457.0,-0.0034369965257248225,-0.09478206960419733,-0.17455700582379846,0.21656712322478833,0.7306062091734804,2.487524237688605,0.6567866658695157,0.060048893996217274,0.024548578644004598,0.17575916344757725
2025-08-04,,1400000.0,22190970.0,24920580.0,23150614.0,0.01506952127551675,-0.08114086874311854,-0.16211797506133396,0.21656712322478833,0.7306062091734804,2.487524237688605,0.6567866658695157,0.060048893996217274,0.024548578644004598,0.17575916344757725
2025-08-05,,0.0,27038972.0,29688643.0,24920580.0,0.19133033821845236,0.0946647596153738,-0.0018057238426573462,0.21656712322478833,0.7306062091734804,2.487524237688605,0.6567866658695157,0.060048893996217274,0.024548578644004598,0.17575916344757725
2025-08-06,,0.0,28133002.0,30701973.0,29688643.0,0.03413190693828616,0.1320277553191871,0.0,0.21656712322478833,0.7306062091734804,2.487524237688605,0.6567866658695157,0.060048893996217274,0.024548578644004598,0.17575916344757725
2025-08-07,,0.0,26395672.0,28884800.0,30701973.0,-0.05918749912261334,0.06502586354445872,-0.059187499122613375,0.21656712322478833,0.7306062091734804,2.487524237688605,0.6567866658695157,0.060048893996217274,0.024548578644004598,0.17575916344757725
2025-08-08,,0.0,26933024.0,29323465.0,28884800.0,0.015186707195479876,0.08120009948972151,-0.04489965514594135,0.21656712322478833,0.7306062091734804,2.487524237688605,0.6567866658695157,0.060048893996217274,0.024548578644004598,0.17575916344757725
2025-08-09,,0.0,26933024.0,29243622.0,29323465.0,-0.002722836472429213,0.07825616842483685,-0.04750023719973966,0.21656712322478833,0.7306062091734804,2.487524237688605,0.6567866658695157,0.060048893996217274,0.024548578644004598,0.17575916344757725
2025-08-10,,0.0,26933024.0,29163778.0,29243622.0,-0.0027303047481601617,0.07531220048845344,-0.05010085182473473,0.21656712322478833,0.7306062091734804,2.487524237688605,0.6567866658695157,0.060048893996217274,0.024548578644004598,0.17575916344757725
2025-08-11,,0.0,26126573.0,28277484.0,29163778.0,-0.03039023270579,0.04263321248423413,-0.07896850798481282,0.21656712322478833,0.7306062091734804,2.487524237688605,0.6567866658695157,0.060048893996217274,0.024548578644004598,0.17575916344757725
2025-08-12,,0.0,26595790.0,28666857.0,28277484.0,0.013769718692087318,0.056989978519169426,-0.06628616343321014,0.21656712322478833,0.7306062091734804,2.487524237688605,0.6567866658695157,0.060048893996217274,0.024548578644004598,0.17575916344757725
2025-08-13,,500000.0,26799560.0,29290783.0,28666857.0,0.004248863701700856,0.061480984871961075,-0.06231894060524568,0.21656712322478833,0.7306062091734804,2.487524237688605,0.6567866658695157,0.060048893996217274,0.024548578644004598,0.17575916344757725
2025-08-14,,0.0,25733524.0,28145519.0,29290783.0,-0.03909980829122939,0.019977281858682083,-0.09898209026589741,0.21656712322478833,0.7306062091734804,2.487524237688605,0.6567866658695157,0.060048893996217274,0.024548578644004598,0.17575916344757725
2025-08-15,,0.0,25872483.0,28204635.0,28145519.0,0.0021003698670469806,0.022119611406570483,-0.0970896193986223,0.21656712322478833,0.7306062091734804,2.487524237688605,0.6567866658695157,0.060048893996217274,0.024548578644004598,0.17575916344757725
2025-08-16,,0.0,25872483.0,28124791.0,28204635.0,-0.0028308822291087665,0.019226111162615966,-0.09964565234954466,0.21656712322478833,0.7306062091734804,2.487524237688605,0.6567866658695157,0.060048893996217274,0.024548578644004598,0.17575916344757725
2025-08-17,,0.0,25872483.0,28044948.0,28124791.0,-0.002838883318279639,0.01633264715808136,-0.1022016532876301,0.21656712322478833,0.7306062091734804,2.487524237688605,0.6567866658695157,0.060048893996217274,0.024548578644004598,0.17575916344757725
2025-08-18,,0.0,27168203.0,29224494.0,28044948.0,0.04205912594311112,0.05907870996499853,-0.06444103955173767,0.21656712322478833,0.7306062091734804,2.487524237688605,0.6567866658695157,0.060048893996217274,0.024548578644004598,0.17575916344757725
2025-08-19,,0.0,26377414.0,28353861.0,29224494.0,-0.02979120870321994,0.02752747508329434,-0.09231247179661933,0.21656712322478833,0.7306062091734804,2.487524237688605,0.6567866658695157,0.060048893996217274,0.024548578644004598,0.17575916344757725
2025-08-20,,0.0,26150119.0,28046723.0,28353861.0,-0.01083231662876527,0.01639697212843627,-0.10214483050209976,0.21656712322478833,0.7306062091734804,2.487524237688605,0.6567866658695157,0.060048893996217274,0.024548578644004598,0.17575916344757725
2025-08-21,,0.0,27032830.0,28849590.0,28046723.0,0.02862605374610072,0.04549240647995889,-0.07644278016383851,0.21656712322478833,0.7306062091734804,2.487524237688605,0.6567866658695157,0.060048893996217274,0.024548578644004598,0.17575916344757725
2025-08-22,,0.0,28979299.0,30715852.0,28849590.0,0.06468937686809406,0.11312465877547151,-0.016698439110607897,0.21656712322478833,0.7306062091734804,2.487524237688605,0.6567866658695157,0.060048893996217274,0.024548578644004598,0.17575916344757725
2025-08-23,,0.0,28979299.0,30636008.0,30715852.0,-0.0025994395336974563,0.11023115853151699,-0.019254472061530258,0.21656712322478833,0.7306062091734804,2.487524237688605,0.6567866658695157,0.060048893996217274,0.024548578644004598,0.17575916344757725
2025-08-24,,0.0,28979299.0,30556165.0,30636008.0,-0.002606181588671763,0.10733769452698239,-0.021810472999615707,0.21656712322478833,0.7306062091734804,2.487524237688605,0.6567866658695157,0.060048893996217274,0.024548578644004598,0.17575916344757725
2025-08-25,,0.0,28253489.0,29750511.0,30556165.0,-0.026366332293335848,0.07814126091214746,-0.04760174311436893,0.21656712322478833,0.7306062091734804,2.487524237688605,0.6567866658695157,0.060048893996217274,0.024548578644004598,0.17575916344757725
2025-08-26,,0.0,28291138.0,29708317.0,29750511.0,-0.0014182613535612676,0.07661217482811589,-0.04895249275530899,0.21656712322478833,0.7306062091734804,2.487524237688605,0.6567866658695157,0.060048893996217274,0.024548578644004598,0.17575916344757725
2025-08-27,,0.0,28919521.0,30256856.0,29708317.0,0.018464156013954014,0.09649090999066456,-0.03139220320486094,0.21656712322478833,0.7306062091734804,2.487524237688605,0.6567866658695157,0.060048893996217274,0.024548578644004598,0.17575916344757725
2025-08-28,,0.0,28721544.0,29979035.0,30256856.0,-0.009182084219193198,0.08642283810955043,-0.040286041570401145,0.21656712322478833,0.7306062091734804,2.487524237688605,0.6567866658695157,0.060048893996217274,0.024548578644004598,0.17575916344757725
2025-08-29,,0.0,28626953.0,29804601.0,29979035.0,-0.005818532851374347,0.08010145113552669,-0.045870168765446244,0.21656712322478833,0.7306062091734804,2.487524237688605,0.6567866658695157,0.060048893996217274,0.024548578644004598,0.17575916344757725
2025-08-30,,0.0,28626953.0,29724758.0,29804601.0,-0.0026788816934674164,0.07720798713099208,-0.048426169703531696,0.21656712322478833,0.7306062091734804,2.487524237688605,0.6567866658695157,0.060048893996217274,0.024548578644004598,0.17575916344757725
2025-08-31,29644914.0,0.0,28626953.0,29644914.0,29724758.0,-0.002686111018969428,0.07431448688703757,-0.05098220265445405,0.21656712322478833,0.7306062091734804,2.487524237688605,0.6567866658695157,0.060048893996217274,0.024548578644004598,0.17575916344757725
2025-09-01,,0.0,28726494.0,29854664.0,29644914.0,0.0070754126660648176,0.08191570521489511,-0.044267510110794384,0.21656712322478833,0.7306062091734804,2.487524237688605,0.6567866658695157,0.060048893996217274,0.024548578644004598,0.17575916344757725
2025-09-02,,0.0,28200470.0,29438849.0,29854664.0,-0.01392797453690986,0.06684681082157917,-0.057578927894068696,0.21656712322478833,0.7306062091734804,2.487524237688605,0.6567866658695157,0.060048893996217274,0.024548578644004598,0.17575916344757725
2025-09-03,,0.0,26979963.0,28328730.0,29438849.0,-0.0377093207686211,0.026616742221327705,-0.09311698640121915,0.21656712322478833,0.7306062091734804,2.487524237688605,0.6567866658695157,0.060048893996217274,0.024548578644004598,0.17575916344757725
2025-09-04,,1000000.0,27226629.0,29685605.0,28328730.0,0.012168102744305687,0.03910872021970113,-0.08208194071468368,0.21656712322478833,0.7306062091734804,2.487524237688605,0.6567866658695157,0.060048893996217274,0.024548578644004598,0.17575916344757725
2025-09-05,,0.0,27649492.0,30218677.0,29685605.0,0.017957255713670017,0.05776826122299061,-0.06559865139990162,0.21656712322478833,0.7306062091734804,2.487524237688605,0.6567866658695157,0.060048893996217274,0.024548578644004598,0.17575916344757725
2025-09-06,,0.0,27649492.0,30328886.0,30218677.0,0.003647049141165315,0.061625994051635935,-0.06219084376398584,0.21656712322478833,0.7306062091734804,2.487524237688605,0.6567866658695157,0.060048893996217274,0.024548578644004598,0.17575916344757725
2025-09-07,,0.0,27649492.0,30439095.0,30328886.0,0.00363379650673612,0.06548372688028103,-0.05878303612807026,0.21656712322478833,0.7306062091734804,2.487524237688605,0.6567866658695157,0.060048893996217274,0.024548578644004598,0.17575916344757725
2025-09-08,,0.0,28002374.0,30902186.0,30439095.0,0.015213691471444912,0.08169366756888286,-0.044463651632032655,0.21656712322478833,0.7306062091734804,2.487524237688605,0.6567866658695157,0.060048893996217274,0.024548578644004598,0.17575916344757725
2025-09-09,,0.0,28059234.0,31069051.0,30902186.0,0.005399779808457517,0.08753457519395758,-0.039303965751868154,0.21656712322478833,0.7306062091734804,2.487524237688605,0.6567866658695157,0.060048893996217274,0.024548578644004598,0.17575916344757725
2025-09-10,,0.0,29376801.0,32496316.0,31069051.0,0.04593848070866402,0.1374942612965102,0.0,0.21656712322478833,0.7306062091734804,2.487524237688605,0.6567866658695157,0.060048893996217274,0.024548578644004598,0.17575916344757725
2025-09-11,,0.0,29125623.0,32355606.0,32496316.0,-0.004330029287012094,0.13256887783128812,-0.004330029287012104,0.21656712322478833,0.7306062091734804,2.487524237688605,0.6567866658695157,0.060048893996217274,0.024548578644004598,0.17575916344757725
2025-09-12,,0.0,28891973.0,32232165.0,32355606.0,-0.0038151348486564762,0.12824797483697026,-0.00812864449003996,0.21656712322478833,0.7306062091734804,2.487524237688605,0.6567866658695157,0.060048893996217274,0.024548578644004598,0.17575916344757725
2025-09-13,,0.0,28891973.0,32342374.0,32232165.0,0.0034192242438570997,0.13210570766561558,-0.004737213904492834,0.21656712322478833,0.7306062091734804,2.487524237688605,0.6567866658695157,0.060048893996217274,0.024548578644004598,0.17575916344757725
2025-09-14,,0.0,28891973.0,32452583.0,32342374.0,0.0034075729876847927,0.13596344049426068,-0.0013457833189459004,0.21656712322478833,0.7306062091734804,2.487524237688605,0.6567866658695157,0.060048893996217274,0.024548578644004598,0.17575916344757725
2025-09-15,,-823692.0,28545478.0,31392937.0,32452583.0,-0.0074600781924348825,0.1274890644044262,-0.008795821862591324,0.21656712322478833,0.7306062091734804,2.487524237688605,0.6567866658695157,0.060048893996217274,0.024548578644004598,0.17575916344757725
2025-09-16,,0.0,27858575.0,30816243.0,31392937.0,-0.01837018307653082,0.10677688387453044,-0.027004424081197794,0.21656712322478833,0.7306062091734804,2.487524237688605,0.6567866658695157,0.060048893996217274,0.024548578644004598,0.17575916344757725
2025-09-17,,0.0,26266903.0,29335813.0,30816243.0,-0.04804057392719807,0.05360668716384209,-0.07374768997696171,0.21656712322478833,0.7306062091734804,2.487524237688605,0.6567866658695157,0.060048893996217274,0.024548578644004598,0.17575916344757725
2025-09-18,,0.0,26361876.0,29540995.0,29335813.0,0.006994249656554707,0.06097587537368154,-0.06726925007570007,0.21656712322478833,0.7306062091734804,2.487524237688605,0.6567866658695157,0.060048893996217274,0.024548578644004598,0.17575916344757725
2025-09-19,,-849413.0,25986126.0,28426041.0,29540995.0,-0.00925501424076236,0.05115652853799291,-0.07590168644904634,0.21656712322478833,0.7306062091734804,2.487524237688605,0.6567866658695157,0.060048893996217274,0.024548578644004598,0.17575916344757725
2025-09-20,,0.0,25986126.0,28536250.0,28426041.0,0.003877043588306872,0.05523190821726809,-0.07231891700752838,0.21656712322478833,0.7306062091734804,2.487524237688605,0.6567866658695157,0.060048893996217274,0.024548578644004598,0.17575916344757725
2025-09-21,,0.0,25986126.0,28646459.0,28536250.0,0.0038620701739016106,0.05930728789654327,-0.06873614756601042,0.21656712322478833,0.7306062091734804,2.487524237688605,0.6567866658695157,0.060048893996217274,0.024548578644004598,0.17575916344757725
2025-09-22,,0.0,27054974.0,29824503.0,28646459.0,0.04112354689282882,0.10286976082427213,-0.030439274860844797,0.21656712322478833,0.7306062091734804,2.487524237688605,0.6567866658695157,0.060048893996217274,0.024548578644004598,0.17575916344757725
2025-09-23,,0.0,26744580.0,29624574.0,29824503.0,-0.00670351489176535,0.09547665695890895,-0.03693873962028592,0.21656712322478833,0.7306062091734804,2.487524237688605,0.6567866658695157,0.060048893996217274,0.024548578644004598,0.17575916344757725
2025-09-24,,0.0,22895874.0,25889048.0,29624574.0,-0.12609551786297413,-0.042658039407124315,-0.15837644798163453,0.21656712322478833,0.7306062091734804,2.487524237688605,0.6567866658695157,0.060048893996217274,0.024548578644004598,0.17575916344757725
2025-09-25,,0.0,23794324.0,26897707.0,25889048.0,0.03896083780291959,-0.005359194558536284,-0.12558608928032994,0.21656712322478833,0.7306062091734804,2.487524237688605,0.6567866658695157,0.060048893996217274,0.024548578644004598,0.17575916344757725
2025-09-26,,0.0,25097722.0,28310301.0,26897707.0,0.052517264761639426,0.04687661996356329,-0.07966426241980455,0.21656712322478833,0.7306062091734804,2.487524237688605,0.6567866658695157,0.060048893996217274,0.024548578644004598,0.17575916344757725
2025-09-27,,0.0,25097722.0,28420510.0,28310301.0,0.0038928939681708297,0.050951999642838475,-0.07608149297828659,0.21656712322478833,0.7306062091734804,2.487524237688605,0.6567866658695157,0.060048893996217274,0.024548578644004598,0.17575916344757725
2025-09-28,,0.0,25097722.0,28530719.0,28420510.0,0.003877798111293629,0.055027379322113656,-0.07249872353676863,0.21656712322478833,0.7306062091734804,2.487524237688605,0.6567866658695157,0.060048893996217274,0.024548578644004598,0.17575916344757725
2025-09-29,,0.0,23911341.0,27454547.0,28530719.0,-0.03771976444056668,0.01523199509573514,-0.10748385320328663,0.21656712322478833,0.7306062091734804,2.487524237688605,0.6567866658695157,0.060048893996217274,0.024548578644004598,0.17575916344757725
2025-09-30,27231298.0,0.0,23577883.0,27231298.0,27454547.0,-0.008131585634976957,0.00697654918824564,-0.1147414246815638,0.21656712322478833,0.7306062091734804,2.487524237688605,0.6567866658695157,0.060048893996217274,0.024548578644004598,0.17575916344757725
2025-10-01,,0.0,26002905.0,29508691.0,27231298.0,0.08363145230903068,0.09119146043799464,-0.04070596435865959,0.21656712322478833,0.7306062091734804,2.487524237688605,0.6567866658695157,0.060048893996217274,0.024548578644004598,0.17575916344757725
2025-10-02,,0.0,25234123.0,28593598.0,29508691.0,-0.031010965549098768,0.05735255965088126,-0.07045459864938909,0.21656712322478833,0.7306062091734804,2.487524237688605,0.6567866658695157,0.060048893996217274,0.024548578644004598,0.17575916344757725
2025-10-03,,0.0,25547391.0,28760553.0,28593598.0,0.005838894426647423,0.06352632961842808,-0.06502708118612735,0.21656712322478833,0.7306062091734804,2.487524237688605,0.6567866658695157,0.060048893996217274,0.024548578644004598,0.17575916344757725
2025-10-04,,0.0,25547391.0,28614242.0,28760553.0,-0.005087210944796472,0.05811594683431398,-0.0697834856518056,0.21656712322478833,0.7306062091734804,2.487524237688605,0.6567866658695157,0.060048893996217274,0.024548578644004598,0.17575916344757725
2025-10-05,,0.0,25547391.0,28467930.0,28614242.0,-0.005113257936380067,0.05270552707155307,-0.07453992262634834,0.21656712322478833,0.7306062091734804,2.487524237688605,0.6567866658695157,0.060048893996217274,0.024548578644004598,0.17575916344757725
2025-10-06,,0.0,25596417.0,28370644.0,28467930.0,-0.003417389321949349,0.049108022444181776,-0.0777025800126554,0.21656712322478833,0.7306062091734804,2.487524237688605,0.6567866658695157,0.060048893996217274,0.024548578644004598,0.17575916344757725
2025-10-07,,0.0,25780930.0,28408846.0,28370644.0,0.0013465327047210707,0.05052068070718807,-0.07646067637316262,0.21656712322478833,0.7306062091734804,2.487524237688605,0.6567866658695157,0.060048893996217274,0.024548578644004598,0.17575916344757725
2025-10-08,,0.0,25719676.0,28201280.0,28408846.0,-0.007306386186894054,0.04284517091662243,-0.0832084113303633,0.21656712322478833,0.7306062091734804,2.487524237688605,0.6567866658695157,0.060048893996217274,0.024548578644004598,0.17575916344757725
2025-10-09,,0.0,25190984.0,27526277.0,28201280.0,-0.023935190175765064,0.01788447342685484,-0.10515199235671285,0.21656712322478833,0.7306062091734804,2.487524237688605,0.6567866658695157,0.060048893996217274,0.024548578644004598,0.17575916344757725
2025-10-10,,0.0,23856895.0,26045914.0,27526277.0,-0.05377999356760088,-0.03685734700660226,-0.15327691245174932,0.21656712322478833,0.7306062091734804,2.487524237688605,0.6567866658695157,0.060048893996217274,0.024548578644004598,0.17575916344757725
2025-10-11,,0.0,23856895.0,25899602.0,26045914.0,-0.005617464605004785,-0.04226776676936306,-0.158033349426292,0.21656712322478833,0.7306062091734804,2.487524237688605,0.6567866658695157,0.060048893996217274,0.024548578644004598,0.17575916344757725
2025-10-12,,0.0,23856895.0,25753291.0,25899602.0,-0.005649160168561651,-0.047678149553477156,-0.16278975389197023,0.21656712322478833,0.7306062091734804,2.487524237688605,0.6567866658695157,0.060048893996217274,0.024548578644004598,0.17575916344757725
2025-10-13,,0.0,24750163.0,26500247.0,25753291.0,0.029004293082387056,-0.020056727494365045,-0.13850706254227554,0.21656712322478833,0.7306062091734804,2.487524237688605,0.6567866658695157,0.060048893996217274,0.024548578644004598,0.17575916344757725
2025-10-14,,0.0,24683561.0,26287334.0,26500247.0,-0.008034377943722526,-0.027929962109083606,-0.14542862239765864,0.21656712322478833,0.7306062091734804,2.487524237688605,0.6567866658695157,0.060048893996217274,0.024548578644004598,0.17575916344757725
2025-10-15,,0.0,25534635.0,26935996.0,26287334.0,0.02467583818123198,-0.003943319153263292,-0.12434135736963074,0.21656712322478833,0.7306062091734804,2.487524237688605,0.6567866658695157,0.060048893996217274,0.024548578644004598,0.17575916344757725
2025-10-16,,0.0,24720218.0,25975267.0,26935996.0,-0.035667105088670215,-0.03946977746329594,-0.15557356619813048,0.21656712322478833,0.7306062091734804,2.487524237688605,0.6567866658695157,0.060048893996217274,0.024548578644004598,0.17575916344757725
2025-10-17,,0.0,24223278.0,25332015.0,25975267.0,-0.02476401878756429,-0.06325636594021822,-0.1764849582695159,0.21656712322478833,0.7306062091734804,2.487524237688605,0.6567866658695157,0.060048893996217274,0.024548578644004598,0.17575916344757725
2025-10-18,,0.0,24223278.0,25185704.0,25332015.0,-0.005775734776724217,-0.06866674872433232,-0.18124136273519414,0.21656712322478833,0.7306062091734804,2.487524237688605,0.6567866658695157,0.060048893996217274,0.024548578644004598,0.17575916344757725
2025-10-19,,0.0,24223278.0,25039392.0,25185704.0,-0.005809327386679386,-0.07407716848709323,-0.1859977997097369,0.21656712322478833,0.7306062091734804,2.487524237688605,0.6567866658695157,0.060048893996217274,0.024548578644004598,0.17575916344757725
2025-10-20,,0.0,24319962.0,24989764.0,25039392.0,-0.0019819970069561155,-0.07591234476782416,-0.18761114963436792,0.21656712322478833,0.7306062091734804,2.487524237688605,0.6567866658695157,0.060048893996217274,0.024548578644004598,0.17575916344757725
2025-10-21,,0.0,24022967.0,24546457.0,24989764.0,-0.017739543278599945,-0.09230523772103527,-0.20202255680448108,0.21656712322478833,0.7306062091734804,2.487524237688605,0.6567866658695157,0.060048893996217274,0.024548578644004598,0.17575916344757725
2025-10-22,,0.0,25069710.0,25446465.0,24546457.0,0.036665495146611216,-0.05902415982009146,-0.17276431873389056,0.21656712322478833,0.7306062091734804,2.487524237688605,0.6567866658695157,0.060048893996217274,0.024548578644004598,0.17575916344757725
2025-10-23,,1400000.0,26258075.0,27888519.0,25446465.0,0.03881531516346759,-0.022499886022299576,-0.14065490505108066,0.21656712322478833,0.7306062091734804,2.487524237688605,0.6567866658695157,0.060048893996217274,0.024548578644004598,0.17575916344757725
2025-10-24,,0.0,25778757.0,27262889.0,27888519.0,-0.022433245738147645,-0.04442838628822865,-0.1599328047399416,0.21656712322478833,0.7306062091734804,2.487524237688605,0.6567866658695157,0.060048893996217274,0.024548578644004598,0.17575916344757725
2025-10-25,,0.0,25778757.0,27116577.0,27262889.0,-0.00536670930215799,-0.04955666135641379,-0.16444120117118155,0.21656712322478833,0.7306062091734804,2.487524237688605,0.6567866658695157,0.060048893996217274,0.024548578644004598,0.17575916344757725
2025-10-26,,0.0,25778757.0,26970265.0,27116577.0,-0.005395666274544908,-0.05468493642459882,-0.16894959760242145,0.21656712322478833,0.7306062091734804,2.487524237688605,0.6567866658695157,0.060048893996217274,0.024548578644004598,0.17575916344757725
2025-10-27,,0.0,25787409.0,26815896.0,26970265.0,-0.005723673831161791,-0.06009561151618836,-0.1737062590430009,0.21656712322478833,0.7306062091734804,2.487524237688605,0.6567866658695157,0.060048893996217274,0.024548578644004598,0.17575916344757725
2025-10-28,,0.0,25771224.0,26653398.0,26815896.0,-0.006059763954931796,-0.06579121025060475,-0.17871340407063788,0.21656712322478833,0.7306062091734804,2.487524237688605,0.6567866658695157,0.060048893996217274,0.024548578644004598,0.17575916344757725
2025-10-29,,0.0,25861027.0,26596890.0,26653398.0,-0.0021201049112011816,-0.06777183089383976,-0.18045461781617142,0.21656712322478833,0.7306062091734804,2.487524237688605,0.6567866658695157,0.060048893996217274,0.024548578644004598,0.17575916344757725
2025-10-30,,0.0,26173350.0,26762901.0,26596890.0,0.006241744805501659,-0.06195310056177905,-0.1753392246840526,0.21656712322478833,0.7306062091734804,2.487524237688605,0.6567866658695157,0.060048893996217274,0.024548578644004598,0.17575916344757725
2025-10-31,27889015.0,0.0,27446632.0,27889015.0,26762901.0,0.04207742650918145,-0.022482501088501805,-0.14063962151569126,0.21656712322478833,0.7306062091734804,2.487524237688605,0.6567866658695157,0.060048893996217274,0.024548578644004598,0.17575916344757725
2025-11-01,,0.0,27446632.0,27937819.0,27889015.0,0.0017499363100490495,-0.02077190772344828,-0.13913579558596412,0.21656712322478833,0.7306062091734804,2.487524237688605,0.6567866658695157,0.060048893996217274,0.024548578644004598,0.17575916344757725
2025-11-02,,0.0,27446632.0,27986623.0,27937819.0,0.0017468793823884887,-0.019061314358394754,-0.13763196965623695,0.21656712322478833,0.7306062091734804,2.487524237688605,0.6567866658695157,0.060048893996217274,0.024548578644004598,0.17575916344757725
2025-11-03,,0.0,27967685.0,28556480.0,27986623.0,0.02036176354682029,0.0009123272125683979,-0.12007263573204001,0.21656712322478833,0.7306062091734804,2.487524237688605,0.6567866658695157,0.060048893996217274,0.024548578644004598,0.17575916344757725
2025-11-04,,0.0,27541514.0,28179113.0,28556480.0,-0.01321475896188884,-0.01231448793352885,-0.1317006637548112,0.21656712322478833,0.7306062091734804,2.487524237688605,0.6567866658695157,0.060048893996217274,0.024548578644004598,0.17575916344757725
2025-11-05,,0.0,27921931.0,28608334.0,28179113.0,0.015231884694170361,0.002729823900370354,-0.11847482838509975,0.21656712322478833,0.7306062091734804,2.487524237688605,0.6567866658695157,0.060048893996217274,0.024548578644004598,0.17575916344757725
2025-11-06,,0.0,28279071.0,29014277.0,28608334.0,0.014189676336972212,0.0169582355549458,-0.10596627151699038,0.21656712322478833,0.7306062091734804,2.487524237688605,0.6567866658695157,0.060048893996217274,0.024548578644004598,0.17575916344757725
2025-11-07,,0.0,29234332.0,30018231.0,29014277.0,0.034602068492004756,0.0521470940751263,-0.07503085520985894,0.21656712322478833,0.7306062091734804,2.487524237688605,0.6567866658695157,0.060048893996217274,0.024548578644004598,0.17575916344757725
2025-11-08,,0.0,29234332.0,30067035.0,30018231.0,0.0016258119940513183,0.053857687440179935,-0.07352702928013169,0.21656712322478833,0.7306062091734804,2.487524237688605,0.6567866658695157,0.060048893996217274,0.024548578644004598,0.17575916344757725
2025-11-09,,0.0,29234332.0,30115839.0,30067035.0,0.0016231730198870142,0.05556828080523335,-0.07202320335040464,0.21656712322478833,0.7306062091734804,2.487524237688605,0.6567866658695157,0.060048893996217274,0.024548578644004598,0.17575916344757725
2025-11-10,,0.0,30087396.0,31017706.0,30115839.0,0.029946600524727307,0.0871789624370809,-0.04423345292492306,0.21656712322478833,0.7306062091734804,2.487524237688605,0.6567866658695157,0.060048893996217274,0.024548578644004598,0.17575916344757725
2025-11-11,,0.0,30856349.0,31835985.0,31017706.0,0.026381028951657504,0.11585986212076649,-0.019019347975509734,0.21656712322478833,0.7306062091734804,2.487524237688605,0.6567866658695157,0.060048893996217274,0.024548578644004598,0.17575916344757725
2025-11-12,,0.0,29601477.0,30629918.0,31835985.0,-0.03788376580778008,0.07358688842988159,-0.056182589258768935,0.21656712322478833,0.7306062091734804,2.487524237688605,0.6567866658695157,0.060048893996217274,0.024548578644004598,0.17575916344757725
2025-11-13,,0.0,29351730.0,30429628.0,30629918.0,-0.006539031544256835,0.06656666990093796,-0.06235424107962474,0.21656712322478833,0.7306062091734804,2.487524237688605,0.6567866658695157,0.060048893996217274,0.024548578644004598,0.17575916344757725
2025-11-14,,0.0,29869623.0,30962124.0,30429628.0,0.017499260917681836,0.08523079834363756,-0.04594613329591924,0.21656712322478833,0.7306062091734804,2.487524237688605,0.6567866658695157,0.060048893996217274,0.024548578644004598,0.17575916344757725
2025-11-15,,0.0,29869623.0,31010928.0,30962124.0,0.001576248451172102,0.08694139170869097,-0.04444230736619219,0.21656712322478833,0.7306062091734804,2.487524237688605,0.6567866658695157,0.060048893996217274,0.024548578644004598,0.17575916344757725
2025-11-16,,0.0,29869623.0,31059732.0,31010928.0,0.001573767802111492,0.08865198507374439,-0.042938481436465135,0.21656712322478833,0.7306062091734804,2.487524237688605,0.6567866658695157,0.060048893996217274,0.024548578644004598,0.17575916344757725
2025-11-17,,0.0,26517776.0,27758153.0,31059732.0,-0.10629772980655472,-0.02706924948899392,-0.14467194814498271,0.21656712322478833,0.7306062091734804,2.487524237688605,0.6567866658695157,0.060048893996217274,0.024548578644004598,0.17575916344757725
2025-11-18,,0.0,28479182.0,29767333.0,27758153.0,0.07238161703338108,0.043353051494493755,-0.08276192065770493,0.21656712322478833,0.7306062091734804,2.487524237688605,0.6567866658695157,0.060048893996217274,0.024548578644004598,0.17575916344757725
2025-11-19,,0.0,28453465.0,29756295.0,29767333.0,-0.0003708091685606929,0.04296616661695385,-0.08310204094727802,0.21656712322478833,0.7306062091734804,2.487524237688605,0.6567866658695157,0.060048893996217274,0.024548578644004598,0.17575916344757725
2025-11-20,,0.0,27658035.0,29009670.0,29756295.0,-0.025091329414498653,0.016796758962190905,-0.10610822967735142,0.21656712322478833,0.7306062091734804,2.487524237688605,0.6567866658695157,0.060048893996217274,0.024548578644004598,0.17575916344757725
2025-11-21,,0.0,28367627.0,29768065.0,29009670.0,0.026142834441067464,0.04337870829195345,-0.08273936511757372,0.21656712322478833,0.7306062091734804,2.487524237688605,0.6567866658695157,0.060048893996217274,0.024548578644004598,0.17575916344757725
2025-11-22,,0.0,28367627.0,29816869.0,29768065.0,0.0016394750548951453,0.045089301657006864,-0.08123553918784666,0.21656712322478833,0.7306062091734804,2.487524237688605,0.6567866658695157,0.060048893996217274,0.024548578644004598,0.17575916344757725
2025-11-23,,0.0,28367627.0,29865673.0,29816869.0,0.001636791575936325,0.04679989502206028,-0.0797317132581196,0.21656712322478833,0.7306062091734804,2.487524237688605,0.6567866658695157,0.060048893996217274,0.024548578644004598,0.17575916344757725
2025-11-24,,0.0,28271295.0,29818145.0,29865673.0,-0.0015913922314758633,0.04513402580121251,-0.08119622106051416,0.21656712322478833,0.7306062091734804,2.487524237688605,0.6567866658695157,0.060048893996217274,0.024548578644004598,0.17575916344757725
2025-11-25,,0.0,28304739.0,29900393.0,29818145.0,0.0027583204790238014,0.04801684038790466,-0.07866186578086086,0.21656712322478833,0.7306062091734804,2.487524237688605,0.6567866658695157,0.060048893996217274,0.024548578644004598,0.17575916344757725
2025-11-26,,0.0,28292423.0,29936881.0,29900393.0,0.0012203184085239904,0.04929575463067315,-0.07753753989519811,0.21656712322478833,0.7306062091734804,2.487524237688605,0.6567866658695157,0.060048893996217274,0.024548578644004598,0.17575916344757725
2025-11-27,,0.0,28406541.0,30099803.0,29936881.0,0.005442183506023879,0.05500621467946498,-0.07251732990988963,0.21656712322478833,0.7306062091734804,2.487524237688605,0.6567866658695157,0.060048893996217274,0.024548578644004598,0.17575916344757725
2025-11-28,,0.0,29021512.0,30713778.0,30099803.0,0.020397974033252053,0.0765262040514163,-0.053598562489100235,0.21656712322478833,0.7306062091734804,2.487524237688605,0.6567866658695157,0.060048893996217274,0.024548578644004598,0.17575916344757725
2025-11-29,,0.0,29021512.0,30762582.0,30713778.0,0.001588993708296016,0.07823679741646972,-0.052094736559373175,0.21656712322478833,0.7306062091734804,2.487524237688605,0.6567866658695157,0.060048893996217274,0.024548578644004598,0.17575916344757725
2025-11-30,30811386.0,0.0,29021512.0,30811386.0,30762582.0,0.0015864728129777461,0.07994739078152313,-0.05059091062964612,0.21656712322478833,0.7306062091734804,2.487524237688605,0.6567866658695157,0.060048893996217274,0.024548578644004598,0.17575916344757725
2025-12-01,,0.0,29472956.0,31280605.0,30811386.0,0.015228753422517283,0.09639364330502587,-0.03613259371052832,0.21656712322478833,0.7306062091734804,2.487524237688605,0.6567866658695157,0.060048893996217274,0.024548578644004598,0.17575916344757725
2025-12-02,,0.0,29361653.0,31235073.0,31280605.0,-0.0014555984451067872,0.09479773442260608,-0.03753559760841241,0.21656712322478833,0.7306062091734804,2.487524237688605,0.6567866658695157,0.060048893996217274,0.024548578644004598,0.17575916344757725
2025-12-03,,0.0,30516645.0,32455836.0,31235073.0,0.03908308458251408,0.13758580687778954,0.0,0.21656712322478833,0.7306062091734804,2.487524237688605,0.6567866658695157,0.060048893996217274,0.024548578644004598,0.17575916344757725
2025-12-04,,0.0,30514263.0,32519225.0,32455836.0,0.0019530848011433122,0.13980760842719886,0.0,0.21656712322478833,0.7306062091734804,2.487524237688605,0.6567866658695157,0.060048893996217274,0.024548578644004598,0.17575916344757725
2025-12-05,,0.0,30221603.0,32292336.0,32519225.0,-0.006977072793093897,0.13185508777307997,-0.006977072793093947,0.21656712322478833,0.7306062091734804,2.487524237688605,0.6567866658695157,0.060048893996217274,0.024548578644004598,0.17575916344757725
2025-12-06,,0.0,30221603.0,32358107.0,32292336.0,0.0020367371378768873,0.1341603790650423,-0.00495454611848843,0.21656712322478833,0.7306062091734804,2.487524237688605,0.6567866658695157,0.060048893996217274,0.024548578644004598,0.17575916344757725
2025-12-07,,0.0,30221603.0,32423877.0,32358107.0,0.002032566367371258,0.13646563530673483,-0.0029320501949232974,0.21656712322478833,0.7306062091734804,2.487524237688605,0.6567866658695157,0.060048893996217274,0.024548578644004598,0.17575916344757725
2025-12-08,,0.0,29932262.0,32187531.0,32423877.0,-0.007289257851551767,0.12818164425155643,-0.010199935576570597,0.21656712322478833,0.7306062091734804,2.487524237688605,0.6567866658695157,0.060048893996217274,0.024548578644004598,0.17575916344757725
2025-12-09,,0.0,30088404.0,32409443.0,32187531.0,0.0068943467580659945,0.13595971971311172,-0.0033759107112794067,0.21656712322478833,0.7306062091734804,2.487524237688605,0.6567866658695157,0.060048893996217274,0.024548578644004598,0.17575916344757725
2025-12-10,,1300000.0,30888014.0,34574354.0,32409443.0,0.0256578253161881,0.16510597576773667,0.0,0.21656712322478833,0.7306062091734804,2.487524237688605,0.6567866658695157,0.060048893996217274,0.024548578644004598,0.17575916344757725
2025-12-11,,0.0,31636684.0,35388795.0,34574354.0,0.023556217420577008,0.19255146545093504,0.0,0.21656712322478833,0.7306062091734804,2.487524237688605,0.6567866658695157,0.060048893996217274,0.024548578644004598,0.17575916344757725
2025-12-12,,0.0,29542249.0,33361152.0,35388795.0,-0.05729618654718249,0.12422281421934245,-0.057296186547182465,0.21656712322478833,0.7306062091734804,2.487524237688605,0.6567866658695157,0.060048893996217274,0.024548578644004598,0.17575916344757725
2025-12-13,,0.0,29542249.0,33426923.0,33361152.0,0.001971484677747437,0.12643920227195005,-0.055437660423306105,0.21656712322478833,0.7306062091734804,2.487524237688605,0.6567866658695157,0.060048893996217274,0.024548578644004598,0.17575916344757725
2025-12-14,,0.0,29542249.0,33492693.0,33426923.0,0.001967575657502163,0.1286555566259966,-0.05357916255696162,0.21656712322478833,0.7306062091734804,2.487524237688605,0.6567866658695157,0.060048893996217274,0.024548578644004598,0.17575916344757725
2025-12-15,,0.0,29806669.0,33822884.0,33492693.0,0.0098585981127286,0.13978251816647025,-0.0442487798750987,0.21656712322478833,0.7306062091734804,2.487524237688605,0.6567866658695157,0.060048893996217274,0.024548578644004598,0.17575916344757725
2025-12-16,,0.0,28781448.0,32863434.0,33822884.0,-0.028366889115664984,0.1074504338576685,-0.07136046875854335,0.21656712322478833,0.7306062091734804,2.487524237688605,0.6567866658695157,0.060048893996217274,0.024548578644004598,0.17575916344757725
2025-12-17,,0.0,29072641.0,33220301.0,32863434.0,0.010859090379903735,0.11947633821019243,-0.061276288158441015,0.21656712322478833,0.7306062091734804,2.487524237688605,0.6567866658695157,0.060048893996217274,0.024548578644004598,0.17575916344757725
2025-12-18,,0.0,29293754.0,33506653.0,33220301.0,0.008619789447422477,0.1291259885369358,-0.0531846874130639,0.21656712322478833,0.7306062091734804,2.487524237688605,0.6567866658695157,0.060048893996217274,0.024548578644004598,0.17575916344757725
2025-12-19,,0.0,29161598.0,33440268.0,33506653.0,-0.001981248321042406,0.12688890956790155,-0.05506056366146408,0.21656712322478833,0.7306062091734804,2.487524237688605,0.6567866658695157,0.060048893996217274,0.024548578644004598,0.17575916344757725
2025-12-20,,0.0,29161598.0,33506038.0,33440268.0,0.001966790457540668,0.1291052639219481,-0.0532020657951196,0.21656712322478833,0.7306062091734804,2.487524237688605,0.6567866658695157,0.060048893996217274,0.024548578644004598,0.17575916344757725
2025-12-21,,0.0,29161598.0,33571809.0,33506038.0,0.001962959631335748,0.13132165197455548,-0.05134353967124343,0.21656712322478833,0.7306062091734804,2.487524237688605,0.6567866658695157,0.060048893996217274,0.024548578644004598,0.17575916344757725
2025-12-22,,0.0,29847883.0,34323611.0,33571809.0,0.02239384836247571,0.1566562974980592,-0.030099470750558285,0.21656712322478833,0.7306062091734804,2.487524237688605,0.6567866658695157,0.060048893996217274,0.024548578644004598,0.17575916344757725
2025-12-23,,0.0,26920075.0,31463572.0,34323611.0,-0.08332570253170624,0.06027709892131128,-0.11091711373614166,0.21656712322478833,0.7306062091734804,2.487524237688605,0.6567866658695157,0.060048893996217274,0.024548578644004598,0.17575916344757725
2025-12-24,,0.0,26607197.0,31216583.0,31463572.0,-0.007849998722331941,0.05195392504946117,-0.11789641325736014,0.21656712322478833,0.7306062091734804,2.487524237688605,0.6567866658695157,0.060048893996217274,0.024548578644004598,0.17575916344757725
2025-12-25,,0.0,26652586.0,31327743.0,31216583.0,0.0035609278568380365,0.0556998570852798,-0.11475530602271161,0.21656712322478833,0.7306062091734804,2.487524237688605,0.6567866658695157,0.060048893996217274,0.024548578644004598,0.17575916344757725
2025-12-26,,0.0,25940855.0,30681783.0,31327743.0,-0.020619423493099975,0.033931934650433204,-0.13300854126284908,0.21656712322478833,0.7306062091734804,2.487524237688605,0.6567866658695157,0.060048893996217274,0.024548578644004598,0.17575916344757725
2025-12-27,,0.0,25940855.0,30747554.0,30681783.0,0.0021436498654592295,0.03614832270304058,-0.13115001513897293,0.21656712322478833,0.7306062091734804,2.487524237688605,0.6567866658695157,0.060048893996217274,0.024548578644004598,0.17575916344757725
2025-12-28,,0.0,25940855.0,30813325.0,30747554.0,0.002139064460216833,0.03836471075564796,-0.12929148901509674,0.21656712322478833,0.7306062091734804,2.487524237688605,0.6567866658695157,0.060048893996217274,0.024548578644004598,0.17575916344757725
2025-12-29,,0.0,25899277.0,30837518.0,30813325.0,0.0007851473347975091,0.03917998004084544,-0.12860785454831153,0.21656712322478833,0.7306062091734804,2.487524237688605,0.6567866658695157,0.060048893996217274,0.024548578644004598,0.17575916344757725
2025-12-30,,0.0,25689923.0,30693934.0,30837518.0,-0.004656146451215704,0.03434140586460388,-0.13266518399397362,0.21656712322478833,0.7306062091734804,2.487524237688605,0.6567866658695157,0.060048893996217274,0.024548578644004598,0.17575916344757725
2025-12-31,30661912.0,0.0,25592130.0,30661912.0,30693934.0,-0.0010432680281386997,0.03326231054568529,-0.13357004667720426,0.21656712322478833,0.7306062091734804,2.487524237688605,0.6567866658695157,0.060048893996217274,0.024548578644004598,0.17575916344757725
2026-01-01,,0.0,25592130.0,30616506.0,30661912.0,-0.0014808600324728305,0.03173219368693769,-0.13485310816601728,0.21656712322478833,0.7306062091734804,2.487524237688605,0.6567866658695157,0.060048893996217274,0.024548578644004598,0.17575916344757725
2026-01-02,,0.0,26100588.0,31079558.0,30616506.0,0.015124260096824882,0.047336379734526535,-0.12176840155196059,0.21656712322478833,0.7306062091734804,2.487524237688605,0.6567866658695157,0.060048893996217274,0.024548578644004598,0.17575916344757725
2026-01-03,,0.0,26100588.0,31034153.0,31079558.0,-0.0014609281122981432,0.04580629657433977,-0.12305143478324189,0.21656712322478833,0.7306062091734804,2.487524237688605,0.6567866658695157,0.060048893996217274,0.024548578644004598,0.17575916344757725
2026-01-04,,0.0,26100588.0,30988747.0,31034153.0,-0.0014630977684488844,0.04427617971559217,-0.12433449627205488,0.21656712322478833,0.7306062091734804,2.487524237688605,0.6567866658695157,0.060048893996217274,0.024548578644004598,0.17575916344757725
2026-01-05,,0.0,24544869.0,29388711.0,30988747.0,-0.05163280722515173,-0.009642730961480939,-0.1695475644197553,0.21656712322478833,0.7306062091734804,2.487524237688605,0.6567866658695157,0.060048893996217274,0.024548578644004598,0.17575916344757725
2026-01-06,,0.0,25318288.0,30116540.0,29388711.0,0.024765597919554905,0.01488405896023548,-0.14898091330885987,0.21656712322478833,0.7306062091734804,2.487524237688605,0.6567866658695157,0.060048893996217274,0.024548578644004598,0.17575916344757725
2026-01-07,,0.0,25493193.0,30245834.0,30116540.0,0.004293122649547287,0.019241080700422186,-0.14532738399258907,0.21656712322478833,0.7306062091734804,2.487524237688605,0.6567866658695157,0.060048893996217274,0.024548578644004598,0.17575916344757725
2026-01-08,,0.0,26724087.0,31431123.0,30245834.0,0.03918850443998334,0.05918361431686403,-0.11183404238545053,0.21656712322478833,0.7306062091734804,2.487524237688605,0.6567866658695157,0.060048893996217274,0.024548578644004598,0.17575916344757725
2026-01-09,,0.0,29058733.0,33718951.0,31431123.0,0.07278861782953161,0.13628012563067626,-0.047185669927445106,0.21656712322478833,0.7306062091734804,2.487524237688605,0.6567866658695157,0.060048893996217274,0.024548578644004598,0.17575916344757725
2026-01-10,,0.0,29058733.0,33673545.0,33718951.0,-0.00134660179671664,0.13475000877192866,-0.048468731416258105,0.21656712322478833,0.7306062091734804,2.487524237688605,0.6567866658695157,0.060048893996217274,0.024548578644004598,0.17575916344757725
2026-01-11,,0.0,29058733.0,33628139.0,33673545.0,-0.0013484175782502161,0.13321989191318107,-0.049751792905071104,0.21656712322478833,0.7306062091734804,2.487524237688605,0.6567866658695157,0.060048893996217274,0.024548578644004598,0.17575916344757725
2026-01-12,,0.0,29493740.0,34017740.0,33628139.0,0.011585565291020172,0.14634888496002407,-0.038742630259097924,0.21656712322478833,0.7306062091734804,2.487524237688605,0.6567866658695157,0.060048893996217274,0.024548578644004598,0.17575916344757725
2026-01-13,,0.0,29535990.0,34014585.0,34017740.0,-9.274572620054933e-05,0.14624256600020935,-0.038831782771920106,0.21656712322478833,0.7306062091734804,2.487524237688605,0.6567866658695157,0.060048893996217274,0.024548578644004598,0.17575916344757725
2026-01-14,,-100000.0,30243499.0,34576688.0,34014585.0,0.01952266259486879,0.1686202728681081,-0.020067219970064713,0.21656712322478833,0.7306062091734804,2.487524237688605,0.6567866658695157,0.060048893996217274,0.024548578644004598,0.17575916344757725
2026-01-15,,0.0,30030314.0,34318097.0,34576688.0,-0.007478767197135805,0.15988043390547424,-0.027395909100750657,0.21656712322478833,0.7306062091734804,2.487524237688605,0.6567866658695157,0.060048893996217274,0.024548578644004598,0.17575916344757725
2026-01-16,,0.0,29867044.0,34109422.0,34318097.0,-0.00608061105486124,0.1528276521167513,-0.033309936287875944,0.21656712322478833,0.7306062091734804,2.487524237688605,0.6567866658695157,0.060048893996217274,0.024548578644004598,0.17575916344757725
2026-01-17,,0.0,29867044.0,34064016.0,34109422.0,-0.001331186438749965,0.1512930235800376,-0.034596780991163804,0.21656712322478833,0.7306062091734804,2.487524237688605,0.6567866658695157,0.060048893996217274,0.024548578644004598,0.17575916344757725
2026-01-18,,0.0,29867044.0,34018610.0,34064016.0,-0.0013329608581676977,0.1497583950433239,-0.03588362569445166,0.21656712322478833,0.7306062091734804,2.487524237688605,0.6567866658695157,0.060048893996217274,0.024548578644004598,0.17575916344757725
2026-01-19,,-277572.0,29908384.0,33736972.0,34018610.0,-0.00012050607334601615,0.1496198421738406,-0.035999807572967814,0.21656712322478833,0.7306062091734804,2.487524237688605,0.6567866658695157,0.060048893996217274,0.024548578644004598,0.17575916344757725
2026-01-20,,0.0,29780600.0,33563782.0,33736972.0,-0.005133537176958303,0.14371822597467232,-0.04094853839938689,0.21656712322478833,0.7306062091734804,2.487524237688605,0.6567866658695157,0.060048893996217274,0.024548578644004598,0.17575916344757725
2026-01-21,,0.0,30583467.0,34321244.0,33563782.0,0.022567838153638276,0.16952947379183492,-0.019304820232974102,0.21656712322478833,0.7306062091734804,2.487524237688605,0.6567866658695157,0.060048893996217274,0.024548578644004598,0.17575916344757725
2026-01-22,,0.0,30327663.0,34020033.0,34321244.0,-0.008776226176417157,0.15926541860985166,-0.02791162294073158,0.21656712322478833,0.7306062091734804,2.487524237688605,0.6567866658695157,0.060048893996217274,0.024548578644004598,0.17575916344757725
2026-01-23,,0.0,30302847.0,33949812.0,34020033.0,-0.0020641073452221104,0.15687257034423707,-0.029918117700024664,0.21656712322478833,0.7306062091734804,2.487524237688605,0.6567866658695157,0.060048893996217274,0.024548578644004598,0.17575916344757725
2026-01-24,,0.0,30302847.0,33904406.0,33949812.0,-0.001337444814127342,0.155325317124424,-0.031215548682785667,0.21656712322478833,0.7306062091734804,2.487524237688605,0.6567866658695157,0.060048893996217274,0.024548578644004598,0.17575916344757725
2026-01-25,,0.0,30302847.0,33859001.0,33904406.0,-0.0013392064736365006,0.15377809798057474,-0.032512951091548135,0.21656712322478833,0.7306062091734804,2.487524237688605,0.6567866658695157,0.060048893996217274,0.024548578644004598,0.17575916344757725
2026-01-26,,0.0,29967245.0,33477992.0,33859001.0,-0.011252812804488865,0.1407948490260802,-0.043399901743682245,0.21656712322478833,0.7306062091734804,2.487524237688605,0.6567866658695157,0.060048893996217274,0.024548578644004598,0.17575916344757725
2026-01-27,,0.0,30321339.0,33786681.0,33477992.0,0.009220654572114073,0.15131372426659673,-0.03457942267401034,0.21656712322478833,0.7306062091734804,2.487524237688605,0.6567866658695157,0.060048893996217274,0.024548578644004598,0.17575916344757725
2026-01-28,,0.0,29429789.0,32849725.0,33786681.0,-0.02773151941145091,0.11938604537342767,-0.06135200215434024,0.21656712322478833,0.7306062091734804,2.487524237688605,0.6567866658695157,0.060048893996217274,0.024548578644004598,0.17575916344757725
2026-01-29,,0.0,29812542.0,33187072.0,32849725.0,0.010269401037603876,0.13088146958926483,-0.05171264943131923,0.21656712322478833,0.7306062091734804,2.487524237688605,0.6567866658695157,0.060048893996217274,0.024548578644004598,0.17575916344757725
2026-01-30,,0.0,29643899.0,32973024.0,33187072.0,-0.006449740429044226,0.12358757765439798,-0.0578288566946333,0.21656712322478833,0.7306062091734804,2.487524237688605,0.6567866658695157,0.060048893996217274,0.024548578644004598,0.17575916344757725
2026-01-31,32927618.0,0.0,29643899.0,32927618.0,32973024.0,-0.001377065082050155,0.1220403244345849,-0.05912628767739431,0.21656712322478833,0.7306062091734804,2.487524237688605,0.6567866658695157,0.060048893996217274,0.024548578644004598,0.17575916344757725
2026-02-01,,0.0,29643899.0,32851315.0,32927618.0,-0.0023172948617176115,0.1194402261561327,-0.061306569496484636,0.21656712322478833,0.7306062091734804,2.487524237688605,0.6567866658695157,0.060048893996217274,0.024548578644004598,0.17575916344757725
2026-02-02,,0.0,30657691.0,33788805.0,32851315.0,0.028537366008027476,0.1513861016140594,-0.03451873150087483,0.21656712322478833,0.7306062091734804,2.487524237688605,0.6567866658695157,0.060048893996217274,0.024548578644004598,0.17575916344757725
2026-02-03,,0.0,30806683.0,33861494.0,33788805.0,0.002151274660349811,0.15386304935874073,-0.03244171611291023,0.21656712322478833,0.7306062091734804,2.487524237688605,0.6567866658695157,0.060048893996217274,0.024548578644004598,0.17575916344757725
2026-02-04,,-144986.0,30946042.0,33779565.0,33861494.0,0.0018702114702981998,0.1560210172688048,-0.030632177512202482,0.21656712322478833,0.7306062091734804,2.487524237688605,0.6567866658695157,0.060048893996217274,0.024548578644004598,0.17575916344757725
2026-02-05,,0.0,29902449.0,32659670.0,33779565.0,-0.03315303201802633,0.11769541546978068,-0.06276965996838495,0.21656712322478833,0.7306062091734804,2.487524237688605,0.6567866658695157,0.060048893996217274,0.024548578644004598,0.17575916344757725
2026-02-06,,0.0,30972474.0,33653392.0,32659670.0,0.03042657810075844,0.15170306232143171,-0.03425294782901254,0.21656712322478833,0.7306062091734804,2.487524237688605,0.6567866658695157,0.060048893996217274,0.024548578644004598,0.17575916344757725
2026-02-07,,0.0,30972474.0,33577089.0,33653392.0,-0.0022673197400131517,0.14909178323359673,-0.03644260518425933,0.21656712322478833,0.7306062091734804,2.487524237688605,0.6567866658695157,0.060048893996217274,0.024548578644004598,0.17575916344757725
2026-02-08,,0.0,30972474.0,33500787.0,33577089.0,-0.002272442378789874,0.14648053836825747,-0.03863223384263499,0.21656712322478833,0.7306062091734804,2.487524237688605,0.6567866658695157,0.060048893996217274,0.024548578644004598,0.17575916344757725
2026-02-09,,0.0,31744518.0,34196149.0,33500787.0,0.020756587001971027,0.17027756140896488,-0.018677520163499033,0.21656712322478833,0.7306062091734804,2.487524237688605,0.6567866658695157,0.060048893996217274,0.024548578644004598,0.17575916344757725
2026-02-10,,0.0,31667336.0,34042663.0,34196149.0,-0.004488400141197224,0.16502488743709698,-0.023082088120557166,0.21656712322478833,0.7306062091734804,2.487524237688605,0.6567866658695157,0.060048893996217274,0.024548578644004598,0.17575916344757725
2026-02-11,,0.0,32177108.0,34476134.0,34042663.0,0.012733169552569867,0.17985934686179705,-0.010642826709653799,0.21656712322478833,0.7306062091734804,2.487524237688605,0.6567866658695157,0.060048893996217274,0.024548578644004598,0.17575916344757725
2026-02-12,,0.0,30926369.0,33149092.0,34476134.0,-0.03849161277769719,0.13444465775024605,-0.04872477992278285,0.21656712322478833,0.7306062091734804,2.487524237688605,0.6567866658695157,0.060048893996217274,0.024548578644004598,0.17575916344757725
2026-02-13,,0.0,31555895.0,33702315.0,33149092.0,0.01668893374213698,0.1533773294775611,-0.03284901080437746,0.21656712322478833,0.7306062091734804,2.487524237688605,0.6567866658695157,0.060048893996217274,0.024548578644004598,0.17575916344757725
2026-02-14,,0.0,31555895.0,33626012.0,33702315.0,-0.0022640284502711827,0.15076605038972613,-0.03503866815962425,0.21656712322478833,0.7306062091734804,2.487524237688605,0.6567866658695157,0.060048893996217274,0.024548578644004598,0.17575916344757725
2026-02-15,,0.0,31555895.0,33549710.0,33626012.0,-0.00226913616755986,0.14815480552438687,-0.03722829681799991,0.21656712322478833,0.7306062091734804,2.487524237688605,0.6567866658695157,0.060048893996217274,0.024548578644004598,0.17575916344757725
2026-02-16,,0.0,31568085.0,33485598.0,33549710.0,-0.0019109554151138797,0.145960732881381,-0.03906811061771398,0.21656712322478833,0.7306062091734804,2.487524237688605,0.6567866658695157,0.060048893996217274,0.024548578644004598,0.17575916344757725
2026-02-17,,0.0,31560102.0,33401312.0,33485598.0,-0.002517082119901204,0.1430762556105365,-0.041486855094920935,0.21656712322478833,0.7306062091734804,2.487524237688605,0.6567866658695157,0.060048893996217274,0.024548578644004598,0.17575916344757725
2026-02-18,,0.0,31949563.0,33714471.0,33401312.0,0.009375649675078535,0.15379333813504137,-0.03250017163933316,0.21656712322478833,0.7306062091734804,2.487524237688605,0.6567866658695157,0.060048893996217274,0.024548578644004598,0.17575916344757725
2026-02-19,,0.0,34040461.0,35728116.0,33714471.0,0.059726430232288186,0.22270529544764273,0.0,0.21656712322478833,0.7306062091734804,2.487524237688605,0.6567866658695157,0.060048893996217274,0.024548578644004598,0.17575916344757725
2026-02-20,,1400000.0,34041332.0,37052684.0,35728116.0,-0.0020316678605507565,0.22022116439595663,-0.0020316678605506806,0.21656712322478833,0.7306062091734804,2.487524237688605,0.6567866658695157,0.060048893996217274,0.024548578644004598,0.17575916344757725
2026-02-21,,0.0,34041332.0,36976381.0,37052684.0,-0.002059311006997522,0.2177083495211447,-0.004086795031560402,0.21656712322478833,0.7306062091734804,2.487524237688605,0.6567866658695157,0.060048893996217274,0.024548578644004598,0.17575916344757725
2026-02-22,,0.0,34041332.0,36900079.0,36976381.0,-0.0020635334755989554,0.21519556757839142,-0.006141895268803861,0.21656712322478833,0.7306062091734804,2.487524237688605,0.6567866658695157,0.060048893996217274,0.024548578644004598,0.17575916344757725
2026-02-23,,0.0,35239354.0,38021799.0,36900079.0,0.030398850907609187,0.2521361164607945,0.0,0.21656712322478833,0.7306062091734804,2.487524237688605,0.6567866658695157,0.060048893996217274,0.024548578644004598,0.17575916344757725
2026-02-24,,0.0,35606223.0,38312365.0,38021799.0,0.007642089739099411,0.26170505302835534,0.0,0.21656712322478833,0.7306062091734804,2.487524237688605,0.6567866658695157,0.060048893996217274,0.024548578644004598,0.17575916344757725
2026-02-25,,0.0,35320038.0,37949878.0,38312365.0,-0.009461357971506046,0.24976760986719615,-0.009461357971505968,0.21656712322478833,0.7306062091734804,2.487524237688605,0.6567866658695157,0.060048893996217274,0.024548578644004598,0.17575916344757725
2026-02-26,,0.0,36044805.0,37200722.0,37949878.0,-0.019740669522046894,0.22509636050144932,-0.02901525395260764,0.21656712322478833,0.7306062091734804,2.487524237688605,0.6567866658695157,0.060048893996217274,0.024548578644004598,0.17575916344757725
2026-02-27,,0.0,36435132.0,37514747.0,37200722.0,0.008441368422903217,0.235437850234,-0.02081881397820242,0.21656712322478833,0.7306062091734804,2.487524237688605,0.6567866658695157,0.060048893996217274,0.024548578644004598,0.17575916344757725
2026-02-28,37438444.0,0.0,36435132.0,37438444.0,37514747.0,-0.002033946810303666,0.23292503535918807,-0.02281041642822086,0.21656712322478833,0.7306062091734804,2.487524237688605,0.6567866658695157,0.060048893996217274,0.024548578644004598,0.17575916344757725
2026-03-01,,0.0,36435132.0,37585679.0,37438444.0,0.003932722203946248,0.2377737870215464,-0.018967401255443116,0.21656712322478833,0.7306062091734804,2.487524237688605,0.6567866658695157,0.060048893996217274,0.024548578644004598,0.17575916344757725
2026-03-02,,0.0,36847601.0,38145384.0,37585679.0,0.01489144309458923,0.25620602493495204,-0.004358410137301493,0.21656712322478833,0.7306062091734804,2.487524237688605,0.6567866658695157,0.060048893996217274,0.024548578644004598,0.17575916344757725
2026-03-03,,0.0,39003051.0,40447899.0,38145384.0,0.06036156301375817,0.3320325840673257,0.0,0.21656712322478833,0.7306062091734804,2.487524237688605,0.6567866658695157,0.060048893996217274,0.024548578644004598,0.17575916344757725
2026-03-04,,0.0,38996838.0,40588921.0,40447899.0,0.0034865098926399885,0.33667672884899535,0.0,0.21656712322478833,0.7306062091734804,2.487524237688605,0.6567866658695157,0.060048893996217274,0.024548578644004598,0.17575916344757725
2026-03-05,,0.0,37974319.0,39713253.0,40588921.0,-0.021574064508884105,0.30783917887328305,-0.021574064508884026,0.21656712322478833,0.7306062091734804,2.487524237688605,0.6567866658695157,0.060048893996217274,0.024548578644004598,0.17575916344757725
2026-03-06,,0.0,37664730.0,39550899.0,39713253.0,-0.004088156666491205,0.30249252741547394,-0.025574023019729858,0.21656712322478833,0.7306062091734804,2.487524237688605,0.6567866658695157,0.060048893996217274,0.024548578644004598,0.17575916344757725
2026-03-07,,0.0,37664730.0,39698134.0,39550899.0,0.0037226713860536442,0.30734127907783226,-0.021946555317398007,0.21656712322478833,0.7306062091734804,2.487524237688605,0.6567866658695157,0.060048893996217274,0.024548578644004598,0.17575916344757725
2026-03-08,,0.0,37664730.0,39845370.0,39698134.0,0.0037088896923971326,0.3121900636722492,-0.018319062977801268,0.21656712322478833,0.7306062091734804,2.487524237688605,0.6567866658695157,0.060048893996217274,0.024548578644004598,0.17575916344757725
2026-03-09,,0.0,38555239.0,40883114.0,39845370.0,0.026044280678030995,0.3463651099934526,0.0,0.21656712322478833,0.7306062091734804,2.487524237688605,0.6567866658695157,0.060048893996217274,0.024548578644004598,0.17575916344757725
2026-03-10,,0.0,37240093.0,39715204.0,40883114.0,-0.028567050934525162,0.30790342931980197,-0.028567050934525235,0.21656712322478833,0.7306062091734804,2.487524237688605,0.6567866658695157,0.060048893996217274,0.024548578644004598,0.17575916344757725
2026-03-11,,0.0,37476285.0,40098631.0,39715204.0,0.00965441345838225,0.32053046979009125,-0.019188435597151637,0.21656712322478833,0.7306062091734804,2.487524237688605,0.6567866658695157,0.060048893996217274,0.024548578644004598,0.17575916344757725
2026-03-12,,0.0,34239992.0,37011568.0,40098631.0,-0.0769867430137453,0.21886712987054113,-0.09469792345074324,0.21656712322478833,0.7306062091734804,2.487524237688605,0.6567866658695157,0.060048893996217274,0.024548578644004598,0.17575916344757725
2026-03-13,,0.0,34055816.0,36974626.0,37011568.0,-0.0009981203714470865,0.21765055375813014,-0.09560152389566037,0.21656712322478833,0.7306062091734804,2.487524237688605,0.6567866658695157,0.060048893996217274,0.024548578644004598,0.17575916344757725
2026-03-14,,0.0,34055816.0,37121862.0,36974626.0,0.003982082198748849,0.2224993383525471,-0.09200013482338967,0.21656712322478833,0.7306062091734804,2.487524237688605,0.6567866658695157,0.060048893996217274,0.024548578644004598,0.17575916344757725
2026-03-15,,0.0,34055816.0,37269097.0,37121862.0,0.003966261175153418,0.22734809001490563,-0.08839877021109507,0.21656712322478833,0.7306062091734804,2.487524237688605,0.6567866658695157,0.060048893996217274,0.024548578644004598,0.17575916344757725
2026-03-16,,0.0,34687807.0,38048125.0,37269097.0,0.02090278709999338,0.25300308583807074,-0.06934376378472544,0.21656712322478833,0.7306062091734804,2.487524237688605,0.6567866658695157,0.060048893996217274,0.024548578644004598,0.17575916344757725
2026-03-17,,0.0,31897652.0,35407182.0,38048125.0,-0.06941059513445147,0.16603139594474614,-0.13394116700601624,0.21656712322478833,0.7306062091734804,2.487524237688605,0.6567866658695157,0.060048893996217274,0.024548578644004598,0.17575916344757725
2026-03-18,,0.0,33389099.0,35564997.0,35407182.0,0.004457146575516768,0.1712285687881263,-0.13008101584434106,0.21656712322478833,0.7306062091734804,2.487524237688605,0.6567866658695157,0.060048893996217274,0.024548578644004598,0.17575916344757725
2026-03-19,,0.0,33743503.0,36066430.0,35564997.0,0.014099059251994284,0.18774178977709854,-0.11781597654229575,0.21656712322478833,0.7306062091734804,2.487524237688605,0.6567866658695157,0.060048893996217274,0.024548578644004598,0.17575916344757725
2026-03-20,,0.0,33315277.0,35785237.0,36066430.0,-0.007796529903292382,0.17848152539571127,-0.12469395066139062,0.21656712322478833,0.7306062091734804,2.487524237688605,0.6567866658695157,0.060048893996217274,0.024548578644004598,0.17575916344757725
2026-03-21,,0.0,33315277.0,35932472.0,35785237.0,0.004114406172578855,0.1833302770580696,-0.12109258604909619,0.21656712322478833,0.7306062091734804,2.487524237688605,0.6567866658695157,0.060048893996217274,0.024548578644004598,0.17575916344757725
2026-03-22,,0.0,33315277.0,36079707.0,35932472.0,0.004097547199090501,0.1881790287204279,-0.11749122143680175,0.21656712322478833,0.7306062091734804,2.487524237688605,0.6567866658695157,0.060048893996217274,0.024548578644004598,0.17575916344757725
2026-03-23,,1.0,34344637.0,37256214.0,36079707.0,0.032608523328403916,0.2269237922967784,-0.08871391334350238,0.21656712322478833,0.7306062091734804,2.487524237688605,0.6567866658695157,0.060048893996217274,0.024548578644004598,0.17575916344757725
2026-03-24,,0.0,33458686.0,36518357.0,37256214.0,-0.019804937774944076,0.20262464293574234,-0.10676187758490657,0.21656712322478833,0.7306062091734804,2.487524237688605,0.6567866658695157,0.060048893996217274,0.024548578644004598,0.17575916344757725
2026-03-25,,0.0,33779674.0,36986860.0,36518357.0,0.012829246397914273,0.21805341080416873,-0.09530230562043297,0.21656712322478833,0.7306062091734804,2.487524237688605,0.6567866658695157,0.060048893996217274,0.024548578644004598,0.17575916344757725
2026-03-26,,0.0,34770656.0,38124873.0,36986860.0,0.030768034918346787,0.25553052068020277,-0.06746653536921464,0.21656712322478833,0.7306062091734804,2.487524237688605,0.6567866658695157,0.060048893996217274,0.024548578644004598,0.17575916344757725
2026-03-27,,0.0,35031330.0,38532947.0,38124873.0,0.010703615983192805,0.2689692372287418,-0.0574850552723304,0.21656712322478833,0.7306062091734804,2.487524237688605,0.6567866658695157,0.060048893996217274,0.024548578644004598,0.17575916344757725
2026-03-28,,0.0,35031330.0,38680182.0,38532947.0,0.0038210158179701192,0.27381798875671026,-0.053883690759852755,0.21656712322478833,0.7306062091734804,2.487524237688605,0.6567866658695157,0.060048893996217274,0.024548578644004598,0.17575916344757725
2026-03-29,,0.0,35031330.0,38827417.0,38680182.0,0.003806471231184938,0.2786667402846785,-0.05028232624737527,0.21656712322478833,0.7306062091734804,2.487524237688605,0.6567866658695157,0.060048893996217274,0.024548578644004598,0.17575916344757725
2026-03-30,,0.0,34819890.0,38763002.0,38827417.0,-0.0016590081178977645,0.27654542178246033,-0.05185791557784188,0.21656712322478833,0.7306062091734804,2.487524237688605,0.6567866658695157,0.060048893996217274,0.024548578644004598,0.17575916344757725
2026-03-31,39940331.0,0.0,35850190.0,39940331.0,38763002.0,0.03037249282189247,0.31531728844236784,-0.0230604769245957,0.21656712322478833,0.7306062091734804,2.487524237688605,0.6567866658695157,0.060048893996217274,0.024548578644004598,0.17575916344757725
2026-04-01,,0.0,34839722.0,38988047.0,39940331.0,-0.02384266670198598,0.2839566167266765,-0.04635332036127972,0.21656712322478833,0.7306062091734804,2.487524237688605,0.6567866658695157,0.060048893996217274,0.024548578644004598,0.17575916344757725
2026-04-02,,0.0,35293989.0,39499739.0,38988047.0,0.013124330131232265,0.3008076872387775,-0.033837346509147624,0.21656712322478833,0.7306062091734804,2.487524237688605,0.6567866658695157,0.060048893996217274,0.024548578644004598,0.17575916344757725
2026-04-03,,0.0,35298445.0,39561620.0,39499739.0,0.001566617946513471,0.30284555590656836,-0.032323738756937836,0.21656712322478833,0.7306062091734804,2.487524237688605,0.6567866658695157,0.060048893996217274,0.024548578644004598,0.17575916344757725
2026-04-04,,0.0,35298445.0,39619046.0,39561620.0,0.0014515583537781929,0.30473671225692733,-0.030919100196177624,0.21656712322478833,0.7306062091734804,2.487524237688605,0.6567866658695157,0.060048893996217274,0.024548578644004598,0.17575916344757725
2026-04-05,,0.0,35298445.0,39676471.0,39619046.0,0.0014494291457698427,0.30662783567522855,-0.029514486095393016,0.21656712322478833,0.7306062091734804,2.487524237688605,0.6567866658695157,0.060048893996217274,0.024548578644004598,0.17575916344757725
2026-04-06,,0.0,35615584.0,40051035.0,39676471.0,0.00944045653657044,0.31896299896739366,-0.02035265978200534,0.21656712322478833,0.7306062091734804,2.487524237688605,0.6567866658695157,0.060048893996217274,0.024548578644004598,0.17575916344757725
2026-04-07,,0.0,35700452.0,40193329.0,40051035.0,0.003552817049546908,0.32364903319784655,-0.01687215200913556,0.21656712322478833,0.7306062091734804,2.487524237688605,0.6567866658695157,0.060048893996217274,0.024548578644004598,0.17575916344757725
2026-04-08,,0.0,35983881.0,40534183.0,40193329.0,0.008480362499956096,0.3348740568220807,-0.008534871474371295,0.21656712322478833,0.7306062091734804,2.487524237688605,0.6567866658695157,0.060048893996217274,0.024548578644004598,0.17575916344757725
2026-04-09,,0.0,35351104.0,39958831.0,40534183.0,-0.014194241931556828,0.3159265315113893,-0.02260796737536622,0.21656712322478833,0.7306062091734804,2.487524237688605,0.6567866658695157,0.060048893996217274,0.024548578644004598,0.17575916344757725
2026-04-10,,0.0,34994435.0,39659587.0,39958831.0,-0.007488807668072139,0.3060718108115872,-0.02992746832399821,0.21656712322478833,0.7306062091734804,2.487524237688605,0.6567866658695157,0.060048893996217274,0.024548578644004598,0.17575916344757725
2026-04-11,,0.0,34994435.0,39717012.0,39659587.0,0.0014479475038406964,0.30796293422988863,-0.028522854223213438,0.21656712322478833,0.7306062091734804,2.487524237688605,0.6567866658695157,0.060048893996217274,0.024548578644004598,0.17575916344757725
2026-04-12,,0.0,34994435.0,39774437.0,39717012.0,0.0014458539831747608,0.30985405764818985,-0.02711824012242883,0.21656712322478833,0.7306062091734804,2.487524237688605,0.6567866658695157,0.060048893996217274,0.024548578644004598,0.17575916344757725
2026-04-13,,0.0,35527967.0,40365394.0,39774437.0,0.014857708733878594,0.3293154877206157,-0.01266344630166465,0.21656712322478833,0.7306062091734804,2.487524237688605,0.6567866658695157,0.060048893996217274,0.024548578644004598,0.17575916344757725
2026-04-14,,0.0,34854060.0,39748913.0,40365394.0,-0.015272512885666334,0.3090134998052867,-0.027742556540511918,0.21656712322478833,0.7306062091734804,2.487524237688605,0.6567866658695157,0.060048893996217274,0.024548578644004598,0.17575916344757725
2026-04-15,,0.0,34581399.0,39533677.0,39748913.0,-0.005414890213475743,0.3019253354158835,-0.03300722385607958,0.21656712322478833,0.7306062091734804,2.487524237688605,0.6567866658695157,0.060048893996217274,0.024548578644004598,0.17575916344757725
2026-04-16,,0.0,34839693.0,39849396.0,39533677.0,0.007986077287978954,0.3123226117676927,-0.02528474480887687,0.21656712322478833,0.7306062091734804,2.487524237688605,0.6567866658695157,0.060048893996217274,0.024548578644004598,0.17575916344757725
2026-04-17,,0.0,35292588.0,40359716.0,39849396.0,0.012806216686446215,0.3291284994965129,-0.012802330043314564,0.21656712322478833,0.7306062091734804,2.487524237688605,0.6567866658695157,0.060048893996217274,0.024548578644004598,0.17575916344757725
2026-04-18,,0.0,35292588.0,40417141.0,40359716.0,0.0014228296353719916,0.3310196229148141,-0.011397715942529958,0.21656712322478833,0.7306062091734804,2.487524237688605,0.6567866658695157,0.060048893996217274,0.024548578644004598,0.17575916344757725
2026-04-19,,0.0,35292588.0,40474566.0,40417141.0,0.0014208080675472967,0.33291074633311535,-0.009993101841745351,0.21656712322478833,0.7306062091734804,2.487524237688605,0.6567866658695157,0.060048893996217274,0.024548578644004598,0.17575916344757725
2026-04-20,,0.0,34980861.0,40220265.0,40474566.0,-0.0062829827502041136,0.32453609110634263,-0.016213298105456794,0.21656712322478833,0.7306062091734804,2.487524237688605,0.6567866658695157,0.060048893996217274,0.024548578644004598,0.17575916344757725
2026-04-21,,0.0,34744387.0,40041217.0,40220265.0,-0.004451686233295615,0.3186396720240614,-0.02059280782277998,0.21656712322478833,0.7306062091734804,2.487524237688605,0.6567866658695157,0.060048893996217274,0.024548578644004598,0.17575916344757725
2026-04-22,,0.0,33913558.0,39268847.0,40041217.0,-0.019289373747056637,0.293203938552693,-0.03948495920324178,0.21656712322478833,0.7306062091734804,2.487524237688605,0.6567866658695157,0.060048893996217274,0.024548578644004598,0.17575916344757725
2026-04-23,,0.0,33999617.0,39412331.0,39268847.0,0.003653888793831994,0.29792916193191,-0.03597534405936749,0.21656712322478833,0.7306062091734804,2.487524237688605,0.6567866658695157,0.060048893996217274,0.024548578644004598,0.17575916344757725
2026-04-24,,0.0,33087038.0,38558085.0,39412331.0,-0.021674587072761597,0.2697970832973404,-0.056870180404841694,0.21656712322478833,0.7306062091734804,2.487524237688605,0.6567866658695157,0.060048893996217274,0.024548578644004598,0.17575916344757725
2026-04-25,,0.0,33087038.0,38615510.0,38558085.0,0.0014893115153411518,0.27168820671564187,-0.05546556630405692,0.21656712322478833,0.7306062091734804,2.487524237688605,0.6567866658695157,0.060048893996217274,0.024548578644004598,0.17575916344757725
2026-04-26,,0.0,33087038.0,38672935.0,38615510.0,0.0014870967650044697,0.2735793301339431,-0.05406095220327232,0.21656712322478833,0.7306062091734804,2.487524237688605,0.6567866658695157,0.060048893996217274,0.024548578644004598,0.17575916344757725
2026-04-27,,1250000.0,33711958.0,40605280.0,38672935.0,0.01709155401525475,0.29534678004763926,-0.03789338387271596,0.21656712322478833,0.7306062091734804,2.487524237688605,0.6567866658695157,0.060048893996217274,0.024548578644004598,0.17575916344757725
2026-04-28,,0.0,34181202.0,41131167.0,40605280.0,0.01295119747973672,0.31212307200077727,-0.02543295109069029,0.21656712322478833,0.7306062091734804,2.487524237688605,0.6567866658695157,0.060048893996217274,0.024548578644004598,0.17575916344757725
2026-04-29,,0.0,35010581.0,42017458.0,41131167.0,0.021547917665453165,0.3403965919231915,-0.004433060561328817,0.21656712322478833,0.7306062091734804,2.487524237688605,0.6567866658695157,0.060048893996217274,0.024548578644004598,0.17575916344757725
2026-04-30,43189234.0,0.0,36188771.0,43189234.0,42017458.0,0.027887836527378695,0.377777352960601,0.0,0.21656712322478833,0.7306062091734804,2.487524237688605,0.6567866658695157,0.060048893996217274,0.024548578644004598,0.17575916344757725
2026-05-01,,0.0,36090870.0,42714168.0,43189234.0,-0.010999639400874783,0.3626222989033425,-0.010999639400874846,0.21656712322478833,0.7306062091734804,2.487524237688605,0.6567866658695157,0.060048893996217274,0.024548578644004598,0.17575916344757725
2026-05-02,,0.0,36090870.0,42703533.0,42714168.0,-0.00024898061926426074,0.3622830323595383,-0.011245881323109382,0.21656712322478833,0.7306062091734804,2.487524237688605,0.6567866658695157,0.060048893996217274,0.024548578644004598,0.17575916344757725
2026-05-03,,0.0,36090870.0,42692898.0,42703533.0,-0.00024904262605152105,0.36194376581573406,-0.011492123245343917,0.21656712322478833,0.7306062091734804,2.487524237688605,0.6567866658695157,0.060048893996217274,0.024548578644004598,0.17575916344757725
2026-05-04,,0.0,36533155.0,43124057.0,42692898.0,0.01009908017956529,0.37569814510676625,-0.0015091029398668085,0.21656712322478833,0.7306062091734804,2.487524237688605,0.6567866658695157,0.060048893996217274,0.024548578644004598,0.17575916344757725
2026-05-05,,-400000.0,36806370.0,42986637.0,43124057.0,0.006145951916504577,0.38415311975821687,0.0,0.21656712322478833,0.7306062091734804,2.487524237688605,0.6567866658695157,0.060048893996217274,0.024548578644004598,0.17575916344757725
2026-05-06,,250000.0,36249077.0,42668709.0,42986637.0,-0.013135341677938506,0.3659717955956081,-0.013135341677938539,0.21656712322478833,0.7306062091734804,2.487524237688605,0.6567866658695157,0.060048893996217274,0.024548578644004598,0.17575916344757725
2026-05-07,,0.0,35180705.0,41577844.0,42668709.0,-0.025565924668590312,0.33104946356999165,-0.038365449190694546,0.21656712322478833,0.7306062091734804,2.487524237688605,0.6567866658695157,0.060048893996217274,0.024548578644004598,0.17575916344757725
2026-05-08,,0.0,36031317.0,42417821.0,41577844.0,0.02020251458926059,0.35794000977679197,-0.018938013148432443,0.21656712322478833,0.7306062091734804,2.487524237688605,0.6567866658695157,0.060048893996217274,0.024548578644004598,0.17575916344757725
2026-05-09,,0.0,36031317.0,42407186.0,42417821.0,-0.00025072009238757964,0.35759954693208384,-0.01918398510041388,0.21656712322478833,0.7306062091734804,2.487524237688605,0.6567866658695157,0.060048893996217274,0.024548578644004598,0.17575916344757725
2026-05-10,,0.0,36031317.0,42396551.0,42407186.0,-0.0002507829687167229,0.3572590840873757,-0.019429957052395315,0.21656712322478833,0.7306062091734804,2.487524237688605,0.6567866658695157,0.060048893996217274,0.024548578644004598,0.17575916344757725
2026-05-11,,0.0,36213052.0,42567652.0,42396551.0,0.00403572922712514,0.36273661424180825,-0.015472641870828306,0.21656712322478833,0.7306062091734804,2.487524237688605,0.6567866658695157,0.060048893996217274,0.024548578644004598,0.17575916344757725
2026-05-12,,0.0,36381845.0,42725809.0,42567652.0,0.003715426916194531,0.367799762538046,-0.011814702424705321,0.21656712322478833,0.7306062091734804,2.487524237688605,0.6567866658695157,0.060048893996217274,0.024548578644004598,0.17575916344757725
2026-05-13,,0.0,36627101.0,42960431.0,42725809.0,0.005491341310822184,0.3753108178790039,-0.006388239677383053,0.21656712322478833,0.7306062091734804,2.487524237688605,0.6567866658695157,0.060048893996217274,0.024548578644004598,0.17575916344757725
2026-05-14,,0.0,36526448.0,42849142.0,42960431.0,-0.0025905000813423174,0.37174807509341745,-0.008962191023321409,0.21656712322478833,0.7306062091734804,2.487524237688605,0.6567866658695157,0.060048893996217274,0.024548578644004598,0.17575916344757725
2026-05-15,,0.0,36462504.0,42774563.0,42849142.0,-0.0017405015951077463,0.36936054538063146,-0.010687093910657348,0.21656712322478833,0.7306062091734804,2.487524237688605,0.6567866658695157,0.060048893996217274,0.024548578644004598,0.17575916344757725
2026-05-16,,0.0,36462504.0,42763928.0,42774563.0,-0.0002486290742467201,0.36902008253592355,-0.010933065862638622,0.21656712322478833,0.7306062091734804,2.487524237688605,0.6567866658695157,0.060048893996217274,0.024548578644004598,0.17575916344757725
2026-05-17,,0.0,36462504.0,42753293.0,42763928.0,-0.00024869090603651944,0.36867961969121543,-0.011179037814620058,0.21656712322478833,0.7306062091734804,2.487524237688605,0.6567866658695157,0.060048893996217274,0.024548578644004598,0.17575916344757725
2026-05-18,,0.0,36944960.0,43225115.0,42753293.0,0.011035921841155094,0.3837842609997095,-0.00026648696104645707,0.21656712322478833,0.7306062091734804,2.487524237688605,0.6567866658695157,0.060048893996217274,0.024548578644004598,0.17575916344757725
2026-05-19,,0.0,36625311.0,42894831.0,43225115.0,-0.007641020735283166,0.3732107367682522,-0.007905471463934603,0.21656712322478833,0.7306062091734804,2.487524237688605,0.6567866658695157,0.060048893996217274,0.024548578644004598,0.17575916344757725
2026-05-20,,0.0,37097410.0,43356295.0,42894831.0,0.010758032826845731,0.38798378295258207,0.0,0.21656712322478833,0.7306062091734804,2.487524237688605,0.6567866658695157,0.060048893996217274,0.024548578644004598,0.17575916344757725
2026-05-21,,0.0,36624220.0,42872470.0,43356295.0,-0.0111592791773375,0.3724948844249971,-0.011159279177337549,0.21656712322478833,0.7306062091734804,2.487524237688605,0.6567866658695157,0.060048893996217274,0.024548578644004598,0.17575916344757725
2026-05-22,,0.0,36727955.0,42965570.0,42872470.0,0.0021715567122677637,0.37547533490382334,-0.009011955472671435,0.21656712322478833,0.7306062091734804,2.487524237688605,0.6567866658695157,0.060048893996217274,0.024548578644004598,0.17575916344757725
2026-05-23,,0.0,36727955.0,42954935.0,42965570.0,-0.00024752377310488516,0.3751348720591152,-0.009257248572554689,0.21656712322478833,0.7306062091734804,2.487524237688605,0.6567866658695157,0.060048893996217274,0.024548578644004598,0.17575916344757725
2026-05-24,,0.0,36727955.0,42944300.0,42954935.0,-0.00024758505629218774,0.3747944092144071,-0.009502541672437942,0.21656712322478833,0.7306062091734804,2.487524237688605,0.6567866658695157,0.060048893996217274,0.024548578644004598,0.17575916344757725
2026-05-25,,0.0,36816108.0,43021818.0,42944300.0,0.001805082397431157,0.37727602640256674,-0.007714612145710592,0.21656712322478833,0.7306062091734804,2.487524237688605,0.6567866658695157,0.060048893996217274,0.024548578644004598,0.17575916344757725
2026-05-26,,0.0,37334795.0,43529871.0,43021818.0,0.011809194116343402,0.3935405463501407,0.0,0.21656712322478833,0.7306062091734804,2.487524237688605,0.6567866658695157,0.060048893996217274,0.024548578644004598,0.17575916344757725
2026-05-27,,0.0,36817278.0,43001719.0,43529871.0,-0.012133093617483937,0.3766325884415147,-0.012133093617483945,0.21656712322478833,0.7306062091734804,2.487524237688605,0.6567866658695157,0.060048893996217274,0.024548578644004598,0.17575916344757725
2026-05-28,,0.0,37963466.0,44136791.0,43001719.0,0.026395968030952455,0.4129701382363842,0.0,0.21656712322478833,0.7306062091734804,2.487524237688605,0.6567866658695157,0.060048893996217274,0.024548578644004598,0.17575916344757725
2026-05-29,,0.0,36643602.0,42806551.0,44136791.0,-0.030139028458140538,0.3703845910295751,-0.03013902845814048,0.21656712322478833,0.7306062091734804,2.487524237688605,0.6567866658695157,0.060048893996217274,0.024548578644004598,0.17575916344757725
2026-05-30,,0.0,36643602.0,42795916.0,42806551.0,-0.00024844328149675743,0.3700441281848672,-0.030379983900505916,0.21656712322478833,0.7306062091734804,2.487524237688605,0.6567866658695157,0.060048893996217274,0.024548578644004598,0.17575916344757725
2026-05-31,42785281.0,0.0,36643602.0,42785281.0,42795916.0,-0.00024850502089968085,0.3697036653401591,-0.030620939342871512,0.21656712322478833,0.7306062091734804,2.487524237688605,0.6567866658695157,0.060048893996217274,0.024548578644004598,0.17575916344757725
2026-06-01,,0.0,38054331.0,44430838.0,42785281.0,0.038460820205902024,0.42238359174817197,0.0,0.21656712322478833,0.7306062091734804,2.487524237688605,0.6567866658695157,0.060048893996217274,0.024548578644004598,0.17575916344757725
2026-06-02,,0.0,39190554.0,45801720.0,44430838.0,0.03085429088688363,0.46627022884070035,0.0,0.21656712322478833,0.7306062091734804,2.487524237688605,0.6567866658695157,0.060048893996217274,0.024548578644004598,0.17575916344757725
2026-06-03,,0.0,38819943.0,45666167.0,45801720.0,-0.0029595613439844515,0.4619307121515881,-0.002959561343984508,0.21656712322478833,0.7306062091734804,2.487524237688605,0.6567866658695157,0.060048893996217274,0.024548578644004598,0.17575916344757725
2026-06-04,,0.0,35131487.0,42215500.0,45666167.0,-0.07556287787411631,0.3514630202888578,-0.07829880624570434,0.21656712322478833,0.7306062091734804,2.487524237688605,0.6567866658695157,0.060048893996217274,0.024548578644004598,0.17575916344757725
2026-06-05,,-107942.0,34388384.0,41599513.0,42215500.0,-0.01206541115492854,0.3351570632883911,-0.08941951011033841,0.21656712322478833,0.7306062091734804,2.487524237688605,0.6567866658695157,0.060048893996217274,0.024548578644004598,0.17575916344757725
2026-06-06,,0.0,34388384.0,41834572.0,41599513.0,0.005650522879919295,0.34270139882278805,-0.08427425421820875,0.21656712322478833,0.7306062091734804,2.487524237688605,0.6567866658695157,0.060048893996217274,0.024548578644004598,0.17575916344757725
2026-06-07,,0.0,34388384.0,42069630.0,41834572.0,0.005618749965937253,0.3502457022616874,-0.07912902021528952,0.21656712322478833,0.7306062091734804,2.487524237688605,0.6567866658695157,0.060048893996217274,0.024548578644004598,0.17575916344757725
2026-06-08,,0.0,35849465.0,42758359.0,42069630.0,0.016371168465232566,0.37235080212286964,-0.06405328627049031,0.21656712322478833,0.7306062091734804,2.487524237688605,0.6567866658695157,0.060048893996217274,0.024548578644004598,0.17575916344757725
2026-06-09,,-1700000.0,34312749.0,39757330.0,42758359.0,-0.031687311224493864,0.3288646951468184,-0.09371092107797961,0.21656712322478833,0.7306062091734804,2.487524237688605,0.6567866658695157,0.060048893996217274,0.024548578644004598,0.17575916344757725
2026-06-10,,0.0,34564427.0,40244066.0,39757330.0,0.012242673237865764,0.345133551386837,-0.08261552002569097,0.21656712322478833,0.7306062091734804,2.487524237688605,0.6567866658695157,0.060048893996217274,0.024548578644004598,0.17575916344757725
2026-06-11,,0.0,34731733.0,40646431.0,40244066.0,0.009998119971277308,0.3585823580109928,-0.07344339993512004,0.21656712322478833,0.7306062091734804,2.487524237688605,0.6567866658695157,0.060048893996217274,0.024548578644004598,0.17575916344757725
2026-06-12,,1100000.0,35426439.0,42676195.0,40646431.0,0.02227170030415304,0.3888402971271232,-0.05280740902364004,0.21656712322478833,0.7306062091734804,2.487524237688605,0.6567866658695157,0.060048893996217274,0.024548578644004598,0.17575916344757725
2026-06-13,,0.0,35426439.0,42911253.0,42676195.0,0.005507941839707042,0.39648994870834087,-0.047590327321540817,0.21656712322478833,0.7306062091734804,2.487524237688605,0.6567866658695157,0.060048893996217274,0.024548578644004598,0.17575916344757725
2026-06-14,,0.0,35426439.0,43146312.0,42911253.0,0.005477793901753403,0.4041396328332354,-0.042373223424571754,0.21656712322478833,0.7306062091734804,2.487524237688605,0.6567866658695157,0.060048893996217274,0.024548578644004598,0.17575916344757725
2026-06-15,,0.0,38381813.0,46334350.0,43146312.0,0.07388900353754457,0.5078901111308569,0.0,0.21656712322478833,0.7306062091734804,2.487524237688605,0.6567866658695157,0.060048893996217274,0.024548578644004598,0.17575916344757725
2026-06-16,,0.0,35808697.0,43997702.0,46334350.0,-0.0504301452378203,0.4318469938238547,-0.050430145237820356,0.21656712322478833,0.7306062091734804,2.487524237688605,0.6567866658695157,0.060048893996217274,0.024548578644004598,0.17575916344757725
2026-06-17,,0.0,35500979.0,43924743.0,43997702.0,-0.0016582456965593684,0.4294726397082149,-0.05200476536306219,0.21656712322478833,0.7306062091734804,2.487524237688605,0.6567866658695157,0.060048893996217274,0.024548578644004598,0.17575916344757725
2026-06-18,,0.0,36164758.0,43681641.0,43924743.0,-0.005534511607728665,0.4215612067908192,-0.05725145599323183,0.21656712322478833,0.7306062091734804,2.487524237688605,0.6567866658695157,0.060048893996217274,0.024548578644004598,0.17575916344757725
2026-06-19,,0.0,33749415.0,41502919.0,43681641.0,-0.04987729284254683,0.3506575821861093,-0.104273201199542,0.21656712322478833,0.7306062091734804,2.487524237688605,0.6567866658695157,0.060048893996217274,0.024548578644004598,0.17575916344757725
2026-06-20,,0.0,33749415.0,41737977.0,41502919.0,0.00566364982665446,0.3583072337673272,-0.09920011827078604,0.21656712322478833,0.7306062091734804,2.487524237688605,0.6567866658695157,0.060048893996217274,0.024548578644004598,0.17575916344757725
2026-06-21,,0.0,33749415.0,41973036.0,41737977.0,0.005631777505651581,0.36595691789222196,-0.09412701375976978,0.21656712322478833,0.7306062091734804,2.487524237688605,0.6567866658695157,0.060048893996217274,0.024548578644004598,0.17575916344757725
2026-06-22,,0.0,32257069.0,40882281.0,41973036.0,-0.025987040823065577,0.330459739704408,-0.11766797203370694,0.21656712322478833,0.7306062091734804,2.487524237688605,0.6567866658695157,0.060048893996217274,0.024548578644004598,0.17575916344757725
2026-06-23,41619181.0,0.0,32759370.0,41619181.0,40882281.0,0.018024923805009863,0.35444117513821327,-0.10176400445889464,0.21656712322478833,0.7306062091734804,2.487524237688605,0.6567866658695157,0.060048893996217274,0.024548578644004598,0.17575916344757725
2026-06-24,,0.0,32206730.0,41066541.0,41619181.0,-0.013278492914120532,0.3364562375915474,-0.1136912247608952,0.21656712322478833,0.7306062091734804,2.487524237688605,0.6567866658695157,0.060048893996217274,0.024548578644004598,0.17575916344757725
2026-06-25,,0.0,32206730.0,41066541.0,41066541.0,0.0,0.3364562375915474,-0.1136912247608952,0.21656712322478833,0.7306062091734804,2.487524237688605,0.6567866658695157,0.060048893996217274,0.024548578644004598,0.17575916344757725
